date,channel_name,campaign_type,industry,country,impressions,clicks,CTR,CPC,spend,conversions,CPA,conversion_value,ROAS
2024-01-21,Google Ads,Search,Fintech,UAE,59886,2113,3.5283705707510937,1.26,2662.38,159,16.744528301886792,4803.43,1.8041864797662241
2024-01-22,TikTok Ads,Search,EdTech,UK,135608,5220,3.8493304229838947,1.1800000000000002,6159.6,411,14.986861313868614,64126.68,10.410851353984024
2024-06-15,TikTok Ads,Video,Healthcare,USA,92313,5991,6.489876832082156,0.8500000000000001,5092.35,267,19.072471910112363,10489.07,2.0597700472277043
2024-01-02,TikTok Ads,Shopping,SaaS,Germany,83953,5935,7.069431705835408,1.32,7834.2,296,26.46689189189189,50505.07,6.4467424880651505
2024-02-22,TikTok Ads,Search,Healthcare,UK,91807,4489,4.889605367782413,1.9300000000000002,8663.77,107,80.96981308411215,3369.53,0.3889219127469912
2024-10-15,TikTok Ads,Search,Fintech,Canada,17666,724,4.098267859164497,0.37,267.88,23,11.64695652173913,5220.85,19.489510228460507
2024-08-14,Meta Ads,Video,Fintech,USA,118252,3748,3.169502418563745,0.42000000000000004,1574.16,152,10.356315789473685,12838.56,8.15581643543223
2024-04-05,TikTok Ads,Search,EdTech,UAE,92939,5176,5.56924434306373,0.6599999999999999,3416.16,388,8.804536082474227,96298.69,28.1891626855885
2024-04-17,Meta Ads,Display,EdTech,Germany,30939,937,3.0285400303823655,0.5900000000000001,552.83,63,8.775079365079366,16531.03,29.902555939438884
2024-11-13,Google Ads,Shopping,Fintech,USA,8748,362,4.13808870598994,1.21,438.02,10,43.802,966.57,2.206680060271221
2024-04-22,Meta Ads,Video,E-commerce,UAE,98264,3144,3.199544085321176,1.56,4904.64,129,38.02046511627907,23127.27,4.715385838715991
2024-09-11,Meta Ads,Video,Fintech,Canada,173229,5092,2.9394616374856404,1.72,8758.24,65,134.74215384615385,12320.17,1.4066947240541479
2024-05-26,Meta Ads,Video,SaaS,Canada,147483,2138,1.4496586047205442,0.5700000000000001,1218.66,159,7.664528301886793,42434.18,34.82036006761525
2024-02-29,Google Ads,Shopping,SaaS,USA,116472,4006,3.439453259152414,2.68,10736.08,291,36.89374570446736,78428.38,7.305122540070491
2024-04-22,TikTok Ads,Shopping,EdTech,Canada,37711,2111,5.5978361751213175,0.68,1435.48,92,15.60304347826087,13898.86,9.682378019895785
2024-10-15,TikTok Ads,Shopping,E-commerce,Germany,96412,7047,7.309256109198026,1.11,7822.17,194,40.32046391752577,36717.43,4.694020968605899
2024-08-13,TikTok Ads,Video,Fintech,Canada,184476,8854,4.799540319607971,0.35000000000000003,3098.9,198,15.651010101010101,56216.92,18.140927425860788
2024-08-20,TikTok Ads,Search,Fintech,Germany,38828,3607,9.289687854125889,0.97,3498.79,116,30.161982758620688,8788.51,2.511871246916791
2024-12-25,Meta Ads,Video,SaaS,Canada,187957,4586,2.4399197688833087,2.1,9630.6,271,35.53726937269373,34433.97,3.575475048283596
2024-11-01,Google Ads,Video,SaaS,Canada,34592,1615,4.668709528214616,1.15,1857.25,116,16.010775862068964,4344.96,2.339458877372459
2024-07-04,Meta Ads,Shopping,Fintech,USA,185798,5889,3.169571254803604,0.9,5300.1,400,13.250250000000001,41326.63,7.797330239052092
2024-12-30,TikTok Ads,Video,EdTech,India,194407,13122,6.749756953196131,0.8500000000000001,11153.7,379,29.429287598944594,56289.95,5.046751302258443
2024-11-13,Google Ads,Search,SaaS,UAE,188062,8143,4.329955014835533,1.8,14657.4,614,23.871986970684038,124232.5,8.47575286203556
2024-12-14,Meta Ads,Shopping,Healthcare,India,195710,4481,2.2896121812886414,0.5299999999999999,2374.93,352,6.7469602272727265,27223.39,11.462817851473517
2024-04-09,Google Ads,Display,Healthcare,Australia,198824,9046,4.549752544964391,3.6100000000000003,32656.06,407,80.23601965601966,71482.19,2.1889410418770665
2024-06-08,Meta Ads,Shopping,SaaS,USA,196962,5081,2.579685421553396,2.06,10466.86,282,37.11652482269504,24196.95,2.3117678081105506
2024-08-29,Google Ads,Shopping,SaaS,UAE,105386,3783,3.589660865769647,1.82,6885.06,130,52.962,36776.35,5.341471243533099
2024-09-05,Google Ads,Search,Healthcare,UAE,49425,1996,4.038442083965604,1.27,2534.92,98,25.866530612244897,9253.27,3.6503203256907515
2024-12-26,Meta Ads,Video,E-commerce,Canada,191141,4453,2.329693786262497,1.23,5477.19,72,76.07208333333332,8367.46,1.5276921194992321
2024-05-23,TikTok Ads,Shopping,EdTech,Canada,91900,4696,5.109902067464636,0.53,2488.88,367,6.781689373297003,109696.83,44.07477660634502
2024-11-26,Google Ads,Video,Healthcare,Canada,11801,795,6.736717227353614,2.97,2361.15,57,41.42368421052632,3966.25,1.6797958621857991
2024-11-16,Meta Ads,Display,Fintech,UAE,193926,5837,3.009910996978229,1.0,5837.0,193,30.243523316062177,28429.29,4.870531094740449
2024-02-27,Google Ads,Display,EdTech,India,35355,961,2.718144534012162,2.22,2133.42,68,31.373823529411766,6145.22,2.880454856521454
2024-11-12,TikTok Ads,Shopping,Healthcare,UAE,133148,9120,6.849520833959204,0.5,4560.0,279,16.344086021505376,83385.98,18.286399122807016
2024-01-12,Meta Ads,Video,E-commerce,Canada,104657,4029,3.8497186045844995,0.7100000000000001,2860.59,204,14.0225,10401.62,3.6361799488916624
2024-05-24,TikTok Ads,Shopping,Fintech,India,174160,9683,5.5598300413412955,1.84,17816.72,512,34.79828125,73177.92,4.107261044681625
2024-01-05,TikTok Ads,Display,Fintech,UAE,6015,410,6.816292601828762,1.93,791.3,28,28.260714285714283,4383.32,5.539390875774043
2024-01-06,Meta Ads,Search,Healthcare,Australia,17763,726,4.08714744131059,1.9400000000000002,1408.44,30,46.948,1946.19,1.381805401721053
2024-10-14,TikTok Ads,Search,EdTech,India,97193,6230,6.409926640807466,1.6,9968.0,306,32.57516339869281,81609.12,8.187110754414125
2024-03-06,Meta Ads,Shopping,Healthcare,UAE,58682,1748,2.9787669131931427,1.49,2604.52,84,31.006190476190476,12746.65,4.894049575353616
2024-03-21,TikTok Ads,Display,SaaS,Canada,108196,5334,4.929941957188806,0.99,5280.66,289,18.272179930795847,27408.56,5.190366355720687
2024-01-08,Google Ads,Search,Fintech,India,63243,1707,2.6991129453062,2.2399999999999998,3823.68,37,103.3427027027027,3893.12,1.0181605155243116
2024-08-20,Google Ads,Search,E-commerce,UAE,152979,4650,3.039632890788932,0.79,3673.5,330,11.131818181818181,91949.73,25.030551245406286
2024-01-08,Google Ads,Display,EdTech,USA,132600,6802,5.12971342383107,1.53,10407.06,97,107.28927835051546,6779.29,0.651412598755076
2024-09-30,Google Ads,Video,Fintech,Australia,110977,4150,3.739513592906638,1.13,4689.5,197,23.804568527918782,18314.78,3.9054867256637165
2024-03-07,Google Ads,Search,EdTech,UK,87152,3599,4.129566733982008,2.6300000000000003,9465.37,127,74.53047244094489,25958.5,2.742470711657336
2024-08-16,Meta Ads,Shopping,Fintech,UAE,164096,1919,1.1694374024960998,0.66,1266.54,139,9.11179856115108,7181.17,5.669911728014907
2024-08-10,Meta Ads,Shopping,Healthcare,Germany,21389,941,4.399457665154986,0.7999999999999999,752.8,46,16.36521739130435,8479.43,11.263854941551543
2024-04-27,Google Ads,Shopping,Healthcare,India,69323,2169,3.128831700878496,2.19,4750.11,94,50.53308510638298,16337.12,3.4393140369380926
2024-05-17,Google Ads,Display,SaaS,UAE,138291,3318,2.399288456949476,0.8300000000000001,2753.94,217,12.690967741935484,12761.51,4.633909961727562
2024-11-29,TikTok Ads,Shopping,EdTech,UK,72444,2339,3.2287007895753965,1.3900000000000001,3251.21,153,21.249738562091505,12919.22,3.9736651892679955
2024-12-04,Google Ads,Search,Healthcare,UAE,160002,7520,4.699941250734366,2.96,22259.2,403,55.23374689826303,70823.58,3.1817666403105234
2024-08-12,Meta Ads,Search,E-commerce,USA,16246,448,2.7576018712298414,1.99,891.52,8,111.44,1955.09,2.1929850143575016
2024-06-05,Meta Ads,Shopping,Fintech,Germany,15789,423,2.6790803724111725,1.81,765.63,7,109.37571428571428,1223.95,1.5986181314734271
2024-06-05,Google Ads,Search,EdTech,Australia,25103,710,2.8283472094968727,2.3400000000000003,1661.4,24,69.22500000000001,1896.75,1.1416576381365113
2024-12-28,TikTok Ads,Display,SaaS,India,138515,4377,3.159946576183085,0.51,2232.27,285,7.832526315789473,10321.59,4.623808947842331
2024-02-20,Meta Ads,Search,EdTech,Australia,180399,6025,3.3398189568678323,0.7,4217.5,191,22.081151832460733,17456.79,4.13913218731476
2024-05-16,Meta Ads,Video,E-commerce,UAE,62545,606,0.9689023902789992,1.96,1187.76,37,32.10162162162162,5627.66,4.738044722839631
2024-06-30,Google Ads,Shopping,Fintech,Canada,72526,2146,2.958938863304194,1.56,3347.76,168,19.927142857142858,25859.74,7.724490405524889
2024-07-07,Meta Ads,Display,EdTech,Australia,67823,2075,3.059434115270631,1.83,3797.25,26,146.04807692307693,4093.91,1.0781249588518007
2024-06-23,Meta Ads,Display,E-commerce,India,164937,4453,2.6998187186622773,1.0799999999999998,4809.24,129,37.28093023255814,35127.5,7.304168642030758
2024-12-14,Meta Ads,Search,EdTech,UK,114575,2039,1.7796203360244383,0.53,1080.67,113,9.56345132743363,10656.96,9.861437811727908
2024-06-13,Google Ads,Shopping,Fintech,Germany,132157,2999,2.269270640223371,0.93,2789.07,152,18.349144736842106,21855.26,7.836038536142871
2024-01-11,TikTok Ads,Video,Healthcare,Germany,108145,3882,3.5896250404549446,0.94,3649.08,98,37.235510204081635,28726.52,7.872263693862563
2024-04-29,TikTok Ads,Search,SaaS,India,72642,3014,4.149114837146555,1.16,3496.24,59,59.25830508474576,15070.44,4.310470677070224
2024-04-07,TikTok Ads,Display,Healthcare,UAE,131678,8374,6.359452604079649,0.91,7620.34,505,15.089782178217822,29682.01,3.895103105635706
2024-05-13,Google Ads,Video,E-commerce,Australia,34402,1314,3.8195453752688797,3.2900000000000005,4323.06,17,254.29764705882354,1273.24,0.2945228611215204
2024-10-08,Meta Ads,Video,Healthcare,Germany,58276,1183,2.0299951952776443,1.49,1762.67,89,19.805280898876404,20273.71,11.501704800104386
2024-08-14,Google Ads,Shopping,EdTech,Canada,168059,3462,2.059990836551449,3.0799999999999996,10662.96,154,69.24,33243.77,3.117686833674702
2024-08-16,Meta Ads,Video,Fintech,Canada,91123,1567,1.7196536549499029,2.33,3651.11,64,57.04859375,5119.1,1.402066768736083
2024-05-28,Meta Ads,Shopping,Fintech,Australia,16344,452,2.7655408712677434,0.9,406.8,5,81.36,1102.53,2.710250737463127
2024-03-26,TikTok Ads,Video,SaaS,UAE,99457,5808,5.839709623254271,1.5999999999999999,9292.8,80,116.16,12231.1,1.316191029614325
2024-06-07,Meta Ads,Video,E-commerce,India,57375,843,1.4692810457516339,1.61,1357.23,40,33.93075,9739.81,7.17624131503135
2024-04-17,Google Ads,Display,E-commerce,UAE,115017,2771,2.409209073441317,2.56,7093.76,95,74.67115789473685,22528.38,3.175802395344641
2024-09-28,Meta Ads,Search,EdTech,USA,90431,1853,2.0490760911634287,1.7,3150.1,57,55.26491228070175,14834.93,4.709352084060824
2024-03-13,Meta Ads,Search,E-commerce,USA,140566,5046,3.5897727757779267,0.62,3128.52,384,8.1471875,59980.19,19.17206538554972
2024-02-28,Meta Ads,Search,EdTech,Germany,133583,3954,2.959957479619413,0.65,2570.1,255,10.078823529411764,31756.12,12.355986148398895
2024-04-08,Google Ads,Video,E-commerce,USA,198555,13104,6.5996827075621365,2.46,32235.84,336,95.94,58794.32,1.823880500709769
2024-09-23,Meta Ads,Display,Healthcare,UK,88560,1319,1.4893857271906052,0.52,685.88,81,8.467654320987654,8584.02,12.515337959993003
2024-06-24,Google Ads,Display,Fintech,UAE,117217,5602,4.7791702568740035,3.4899999999999998,19550.98,411,47.56929440389294,75729.26,3.873425270753691
2024-08-24,Meta Ads,Shopping,Fintech,UAE,104616,4048,3.8693890035940965,1.77,7164.96,233,30.75090128755365,45906.84,6.407131372680377
2024-02-14,TikTok Ads,Video,Healthcare,Canada,79553,2712,3.409048056012973,0.31,840.72,170,4.945411764705883,16973.79,20.18958749643163
2024-08-20,Google Ads,Search,Fintech,USA,170904,4751,2.7799232317558396,1.1199999999999999,5321.12,326,16.32245398773006,44297.15,8.324779369756744
2024-07-14,Google Ads,Search,Healthcare,India,88807,4999,5.629060772236423,2.3699999999999997,11847.63,348,34.04491379310345,103474.34,8.733758566059203
2024-08-14,Meta Ads,Shopping,EdTech,Canada,157499,1574,0.9993714245804735,1.7599999999999998,2770.24,45,61.56088888888888,13465.06,4.860611354972854
2024-09-27,Meta Ads,Search,E-commerce,Australia,46846,983,2.098364855056995,0.72,707.76,11,64.34181818181818,2501.87,3.5349129648468405
2024-09-18,TikTok Ads,Search,Fintech,Germany,104986,6131,5.839826262549292,0.36,2207.16,219,10.07835616438356,57679.5,26.132903822106236
2024-05-24,Meta Ads,Shopping,EdTech,India,172516,6314,3.6599503814138976,0.72,4546.08,335,13.570388059701493,82096.8,18.058811107591595
2024-08-23,Meta Ads,Display,E-commerce,India,187099,2469,1.3196222320803424,0.83,2049.27,103,19.895825242718445,3413.17,1.6655540753536626
2024-04-04,Google Ads,Shopping,SaaS,India,111661,3930,3.519581590707588,0.84,3301.2,310,10.649032258064516,21226.88,6.430049678904641
2024-06-09,Meta Ads,Display,EdTech,Germany,79441,3082,3.8796087662542016,0.53,1633.46,100,16.334600000000002,29391.59,17.993455609564972
2024-04-15,Google Ads,Display,SaaS,Australia,14078,763,5.419803949424634,2.2600000000000002,1724.38,57,30.252280701754387,16289.72,9.446711281736043
2024-01-07,Meta Ads,Shopping,Fintech,Australia,182235,5047,2.7695009191428652,0.74,3734.78,260,14.364538461538462,53450.65,14.311592650704995
2024-02-24,Meta Ads,Video,SaaS,Canada,128629,2109,1.6395991572662465,1.29,2720.61,168,16.194107142857142,49256.62,18.10499116007072
2024-04-02,Meta Ads,Display,Fintech,Canada,21309,432,2.027312403209911,1.66,717.12,15,47.808,4449.98,6.20534917447568
2024-09-06,Google Ads,Search,Fintech,USA,167932,6717,3.9998332658456994,2.46,16523.82,247,66.89805668016194,38475.06,2.3284603681231095
2024-01-08,TikTok Ads,Search,Fintech,UK,162795,8107,4.979882674529316,0.9600000000000001,7782.72,575,13.535165217391304,86383.64,11.099415114510094
2024-08-18,Meta Ads,Search,EdTech,UK,50893,1124,2.2085552040555676,1.41,1584.84,29,54.64965517241379,2707.5,1.7083743469372303
2024-09-22,TikTok Ads,Display,SaaS,UAE,81619,3623,4.4389174089366445,0.47,1702.81,222,7.670315315315315,46448.44,27.277523622717744
2024-07-25,Meta Ads,Search,EdTech,Germany,154381,1698,1.09987628011219,1.85,3141.3,70,44.87571428571429,19750.24,6.2872823353388725
2024-01-12,Google Ads,Search,Fintech,India,124273,3603,2.899262108422586,1.5499999999999998,5584.65,167,33.441017964071854,20460.25,3.663658420850009
2024-12-01,Meta Ads,Video,Healthcare,Germany,6969,176,2.5254699382981776,1.08,190.08,10,19.008000000000003,2562.91,13.48332281144781
2024-05-24,TikTok Ads,Display,SaaS,UK,29089,1076,3.6989927463989822,0.65,699.4,40,17.485,8233.32,11.771975979410923
2024-07-10,Google Ads,Shopping,SaaS,UK,10704,489,4.568385650224215,1.7100000000000002,836.19,36,23.227500000000003,5339.04,6.384960355899975
2024-12-04,TikTok Ads,Search,E-commerce,Australia,22772,1045,4.588968909186721,0.95,992.75,38,26.125,5743.6,5.785545202719718
2024-04-11,Google Ads,Search,Fintech,Germany,68449,3285,4.799193560168885,2.38,7818.3,243,32.17407407407408,60681.21,7.7614327922949995
2024-10-26,Google Ads,Search,SaaS,UAE,51819,2497,4.818695845153322,2.88,7191.36,138,52.111304347826085,37600.62,5.228582632492325
2024-11-19,Google Ads,Video,Fintech,Australia,173722,3821,2.1994911410184086,1.54,5884.34,201,29.27532338308458,44895.5,7.62965770162839
2024-12-15,Google Ads,Shopping,SaaS,USA,119014,5938,4.9893289865057895,2.88,17101.44,95,180.01515789473683,23773.95,1.3901724065341867
2024-05-20,Google Ads,Search,SaaS,Australia,159741,6868,4.299459750471075,1.3699999999999999,9409.16,336,28.003452380952382,33272.11,3.5361403143319916
2024-02-29,Google Ads,Shopping,Fintech,Germany,167982,7693,4.579657344239264,2.64,20309.52,193,105.23067357512953,10777.69,0.5306718228692752
2024-06-08,Google Ads,Video,Fintech,Germany,96658,2822,2.9195720995675476,3.3699999999999997,9510.14,112,84.91196428571428,25060.16,2.6350989575337485
2024-01-19,Meta Ads,Video,EdTech,India,43467,991,2.279890491637334,1.9000000000000001,1882.9,25,75.316,3146.23,1.6709490679271337
2024-01-05,Google Ads,Search,EdTech,UK,41378,2023,4.889071487263763,1.23,2488.29,73,34.086164383561645,9343.63,3.755040610218262
2024-10-26,TikTok Ads,Video,EdTech,India,100673,5718,5.6797751134862375,1.05,6003.9,196,30.632142857142856,41067.13,6.840075617515282
2024-12-13,TikTok Ads,Shopping,Healthcare,Australia,191994,14898,7.759617488046501,1.08,16089.84,936,17.19,60355.75,3.751171546764915
2024-05-21,TikTok Ads,Display,EdTech,UK,152235,6104,4.0095904358393275,0.73,4455.92,252,17.682222222222222,48424.44,10.867439271800212
2024-12-07,Meta Ads,Video,Fintech,Australia,66929,1539,2.299451657726845,1.21,1862.19,38,49.005,9540.22,5.12311847878036
2024-05-09,Google Ads,Video,SaaS,Canada,188202,7189,3.8198318827642637,1.1500000000000001,8267.35,376,21.987632978723404,88923.49,10.755984686749684
2024-01-25,Google Ads,Video,Fintech,USA,184316,4091,2.2195577160962694,1.04,4254.64,309,13.76906148867314,82363.46,19.358502717033637
2024-09-10,Google Ads,Video,Healthcare,Canada,65545,3355,5.118620794873751,1.77,5938.35,196,30.297704081632656,57936.29,9.75629425682218
2024-06-04,Google Ads,Video,Healthcare,USA,33141,798,2.4078935457590296,3.29,2625.42,42,62.510000000000005,7236.65,2.756378027134706
2024-07-09,Meta Ads,Video,Healthcare,Germany,76229,1562,2.049088929410067,1.01,1577.62,30,52.587333333333326,4290.5,2.7196029462101143
2024-11-09,TikTok Ads,Search,SaaS,Australia,141614,10677,7.539508805626563,0.35,3736.95,305,12.252295081967212,62355.52,16.686206665863875
2024-07-14,Meta Ads,Shopping,Healthcare,UK,161193,4916,3.0497602253199583,1.37,6734.92,377,17.86450928381963,91408.9,13.572380963693703
2024-02-17,Google Ads,Search,SaaS,Germany,142244,4935,3.4693906245606145,2.98,14706.3,127,115.79763779527559,34307.21,2.3328240277976104
2024-03-27,Meta Ads,Search,Fintech,UAE,178063,1851,1.0395197205483453,0.45,832.95,64,13.01484375,7044.13,8.456846149228644
2024-01-28,Google Ads,Video,Fintech,Australia,193978,5780,2.9797193496169667,1.73,9999.4,177,56.49378531073446,42071.17,4.20736944216653
2024-02-18,Meta Ads,Display,SaaS,Canada,187051,6284,3.3595115770565247,2.0100000000000002,12630.84,493,25.620365111561867,94906.46,7.513867644590542
2024-01-11,Meta Ads,Video,EdTech,UK,152977,5491,3.589428476176157,1.35,7412.85,147,50.42755102040817,9232.39,1.2454575500650895
2024-05-01,Google Ads,Display,E-commerce,UAE,129447,4310,3.3295480003399076,2.7,11637.0,211,55.15165876777251,16618.47,1.4280716679556589
2024-01-22,Google Ads,Shopping,Fintech,USA,28387,672,2.3672807975481733,3.32,2231.04,41,54.41560975609756,7232.57,3.2417930651176134
2024-04-27,Meta Ads,Shopping,Fintech,Australia,88986,1308,1.4698941406513384,0.75,981.0,80,12.2625,21439.34,21.854576962283385
2024-01-10,Google Ads,Video,SaaS,UK,170268,7917,4.64972866304884,3.14,24859.38,98,253.66714285714286,22672.12,0.9120147002861696
2024-01-20,Google Ads,Display,Healthcare,USA,122322,6152,5.029348768005755,1.23,7566.96,155,48.81909677419355,10417.89,1.3767602841828157
2024-02-07,Meta Ads,Display,Healthcare,UK,69429,2430,3.4999783951950914,1.5899999999999999,3863.7,119,32.46806722689075,21584.01,5.586357636462458
2024-06-07,Meta Ads,Display,SaaS,Canada,196675,4031,2.0495741705859922,1.97,7941.07,186,42.6939247311828,27686.79,3.4865314120137465
2024-05-25,Google Ads,Video,E-commerce,Australia,104134,3603,3.4599650450381243,3.46,12466.38,234,53.275128205128205,14496.48,1.162845990576254
2024-12-24,Meta Ads,Display,EdTech,Canada,150544,2890,1.9197045382080988,1.7,4913.0,170,28.9,47769.42,9.723065336861389
2024-10-28,TikTok Ads,Video,SaaS,Canada,75553,3331,4.408825592630339,0.44000000000000006,1465.64,203,7.219901477832513,33301.04,22.72115935700445
2024-10-23,Meta Ads,Search,EdTech,India,149565,2437,1.6293919031859057,0.37,901.69,30,30.056333333333335,3133.33,3.4749525890272706
2024-04-15,Google Ads,Display,SaaS,India,12896,535,4.148573200992556,0.9799999999999999,524.3,20,26.214999999999996,2475.65,4.721819568949075
2024-05-22,TikTok Ads,Display,Fintech,Germany,70428,3310,4.69983529278128,1.17,3872.7,164,23.6140243902439,25462.93,6.574981279210887
2024-06-09,TikTok Ads,Shopping,EdTech,USA,12345,456,3.6938031591737546,0.6200000000000001,282.72,21,13.462857142857144,5118.94,18.106041312959817
2024-11-25,Meta Ads,Display,SaaS,USA,18140,455,2.508269018743109,1.15,523.25,29,18.04310344827586,1746.46,3.337716196846632
2024-02-18,Google Ads,Video,Fintech,Australia,42823,1588,3.708287602456624,2.9699999999999998,4716.36,33,142.92,3266.45,0.6925785987498834
2024-01-26,TikTok Ads,Shopping,SaaS,Germany,34118,1470,4.308576118178087,0.85,1249.5,55,22.71818181818182,3037.11,2.4306602641056423
2024-01-08,Meta Ads,Video,EdTech,UK,127775,3871,3.0295441205243594,0.76,2941.96,159,18.502893081761005,28717.22,9.761254401827353
2024-09-15,Google Ads,Shopping,Fintech,UAE,136354,3736,2.739926954838142,1.1600000000000001,4333.76,152,28.511578947368424,29811.83,6.878975762386473
2024-10-28,Google Ads,Shopping,E-commerce,Germany,115454,7227,6.259635872295459,2.46,17778.42,154,115.4442857142857,5144.22,0.28935192216181194
2024-06-02,Meta Ads,Search,EdTech,USA,37994,1379,3.6295204505974628,1.06,1461.74,58,25.20241379310345,7343.12,5.023547279269911
2024-10-12,Meta Ads,Video,EdTech,Germany,74615,2327,3.1186758694632446,1.0999999999999999,2559.7,129,19.842635658914727,25496.94,9.960909481579872
2024-12-15,Google Ads,Search,EdTech,Canada,176790,4490,2.5397364104304545,1.49,6690.1,250,26.7604,74442.63,11.127282103406527
2024-10-29,Google Ads,Shopping,Fintech,Germany,60077,1994,3.3190738552191354,3.11,6201.34,28,221.47642857142858,7635.29,1.2312322820551687
2024-03-31,Meta Ads,Display,Fintech,Canada,151295,2163,1.4296572920453419,1.58,3417.54,85,40.20635294117647,3173.67,0.9286416545234292
2024-04-19,TikTok Ads,Display,E-commerce,Canada,20282,1740,8.579035598067252,1.25,2175.0,94,23.138297872340427,14237.0,6.5457471264367815
2024-10-12,Google Ads,Search,Healthcare,Germany,185488,3950,2.129517812473044,1.39,5490.5,289,18.998269896193772,75172.15,13.691312266642381
2024-09-11,Meta Ads,Display,E-commerce,Australia,28567,999,3.497042041516435,1.69,1688.31,68,24.828088235294118,13037.25,7.722071183609645
2024-11-19,Google Ads,Search,E-commerce,UAE,96170,5145,5.349901216595613,2.12,10907.4,268,40.69925373134328,72622.99,6.658139428278051
2024-02-07,Meta Ads,Shopping,Healthcare,Canada,101019,2515,2.4896306635385423,1.6900000000000002,4250.35,72,59.0326388888889,11353.12,2.671102379804016
2024-03-01,TikTok Ads,Shopping,E-commerce,UK,91795,3800,4.139659022822594,1.22,4636.0,157,29.528662420382165,24815.09,5.352694132873166
2024-07-08,Meta Ads,Search,E-commerce,India,22543,333,1.4771769507164085,1.49,496.17,12,41.347500000000004,642.18,1.2942741399117237
2024-02-28,Meta Ads,Shopping,Healthcare,Canada,119598,1064,0.8896469840632786,2.0,2128.0,64,33.25,17165.43,8.066461466165414
2024-08-27,Meta Ads,Search,EdTech,UAE,158504,4897,3.0895119366072783,0.43,2105.71,255,8.257686274509805,54921.72,26.08228103585014
2024-03-22,Google Ads,Display,E-commerce,Australia,39542,1209,3.057508472004451,1.85,2236.65,42,53.25357142857143,7992.11,3.573250173250173
2024-07-19,Google Ads,Display,Fintech,India,110848,3181,2.8696954387990763,2.4499999999999997,7793.45,186,41.9002688172043,32321.78,4.147300617826508
2024-12-22,Meta Ads,Video,Healthcare,Australia,79964,1487,1.8595868140663299,1.0699999999999998,1591.09,22,72.32227272727272,3882.65,2.4402453663840515
2024-12-19,TikTok Ads,Display,EdTech,Germany,105127,7747,7.369182036964814,0.88,6817.36,460,14.820347826086955,99299.9,14.565740990647406
2024-01-07,Google Ads,Shopping,EdTech,UAE,73803,1505,2.039212498136932,2.12,3190.6,98,32.55714285714286,18709.86,5.864056917194259
2024-06-24,Google Ads,Shopping,Healthcare,UK,96575,4925,5.09966347398395,2.4,11820.0,181,65.30386740331491,7335.74,0.6206209813874788
2024-02-20,Google Ads,Shopping,Fintech,UK,162489,4500,2.769418237542234,3.03,13635.0,184,74.10326086956522,54944.54,4.029669233590026
2024-05-05,Meta Ads,Search,Healthcare,Canada,76155,3548,4.6589193093033945,1.25,4435.0,243,18.25102880658436,30659.34,6.913041713641488
2024-12-06,TikTok Ads,Search,Fintech,UK,180021,13105,7.279706256492298,1.6099999999999999,21099.05,880,23.976193181818182,75656.62,3.5857832461651116
2024-04-13,TikTok Ads,Video,EdTech,UK,79965,3070,3.8391796410929784,1.02,3131.4,237,13.212658227848102,65306.0,20.85520853292457
2024-05-28,Meta Ads,Search,EdTech,India,49789,622,1.2492719275341944,2.08,1293.76,48,26.953333333333333,7704.96,5.95547860499629
2024-04-11,TikTok Ads,Video,SaaS,Germany,195026,9653,4.949596464061202,1.83,17664.99,371,47.6145283018868,94022.57,5.322537403078066
2024-02-17,TikTok Ads,Shopping,Healthcare,Canada,130438,7721,5.919287324246001,1.6,12353.6,353,34.996033994334276,70310.53,5.691501262789794
2024-12-14,TikTok Ads,Shopping,SaaS,India,141917,4796,3.3794400952669514,0.66,3165.36,369,8.578211382113821,11953.05,3.7762055500796112
2024-11-22,TikTok Ads,Shopping,SaaS,USA,146958,7494,5.0994161597191034,1.68,12589.92,538,23.401338289962826,117826.98,9.358834686797056
2024-09-16,Google Ads,Video,E-commerce,UK,13605,300,2.2050716648291067,2.08,624.0,21,29.714285714285715,4495.51,7.204342948717949
2024-05-23,Google Ads,Display,SaaS,Germany,116041,6428,5.539421411397695,1.75,11249.0,74,152.01351351351352,13873.48,1.2333078495866299
2024-09-25,TikTok Ads,Search,E-commerce,India,170396,10138,5.949670180051174,1.08,10949.04,494,22.164048582995953,99795.18,9.11451414918568
2024-02-22,Meta Ads,Display,EdTech,India,19743,619,3.135288456668186,1.25,773.75,41,18.871951219512194,9219.46,11.91529563812601
2024-08-28,Google Ads,Search,E-commerce,Australia,94081,5588,5.939562717233023,2.69,15031.72,88,170.815,24757.88,1.6470423876974825
2024-06-10,TikTok Ads,Video,Fintech,USA,141643,8526,6.019358528130582,0.46,3921.96,379,10.348179419525065,51038.1,13.013416761007251
2024-01-23,Meta Ads,Shopping,SaaS,Australia,90716,3002,3.309228801975396,1.47,4412.94,194,22.747113402061853,39560.54,8.964667545899108
2024-12-20,Google Ads,Search,EdTech,USA,72055,1678,2.3287766289639857,3.17,5319.26,41,129.73804878048782,8506.9,1.599263807371702
2024-04-18,Meta Ads,Shopping,E-commerce,Germany,112692,2096,1.8599368189401202,2.27,4757.92,89,53.459775280898874,16587.58,3.486309143491274
2024-11-08,Google Ads,Video,Fintech,UAE,31672,877,2.7690073250820917,0.7200000000000001,631.44,16,39.465,2266.94,3.590111491194729
2024-06-30,Meta Ads,Video,E-commerce,Germany,59131,1425,2.40990343474658,1.04,1482.0,66,22.454545454545453,19372.57,13.071909581646423
2024-06-23,Google Ads,Search,SaaS,Canada,119397,3868,3.2396123855708265,1.7999999999999998,6962.4,193,36.074611398963725,35393.3,5.0834913248305185
2024-11-02,Meta Ads,Search,EdTech,Australia,157008,5024,3.1998369509833897,0.7200000000000001,3617.28,379,9.544274406332454,73104.85,20.209895280431706
2024-01-04,Meta Ads,Shopping,EdTech,UK,117217,2133,1.819701920369912,1.29,2751.57,129,21.330000000000002,25455.36,9.251212943882946
2024-10-27,TikTok Ads,Search,SaaS,Canada,111956,5911,5.279752760012863,1.57,9280.27,253,36.68090909090909,68395.54,7.369994623001269
2024-01-05,Meta Ads,Display,SaaS,USA,10939,113,1.033001188408447,1.18,133.34,6,22.223333333333333,1684.43,12.632593370331483
2024-08-10,TikTok Ads,Display,SaaS,India,72293,4532,6.268933368375914,1.81,8202.92,169,48.537988165680474,35145.36,4.2844938143978
2024-02-17,Google Ads,Shopping,Fintech,Germany,78402,4531,5.779189306395245,2.75,12460.25,105,118.66904761904762,25620.07,2.0561441383599846
2024-10-25,TikTok Ads,Display,E-commerce,Canada,160892,9122,5.669641747259031,0.64,5838.08,590,9.895050847457627,170654.73,29.231310636373603
2024-03-14,TikTok Ads,Search,EdTech,USA,154092,8860,5.749811800742414,1.1700000000000002,10366.2,246,42.139024390243904,23706.53,2.286906484536281
2024-01-10,Meta Ads,Shopping,Healthcare,UAE,73323,1928,2.6294614241097607,1.71,3296.88,121,27.246942148760333,33634.99,10.202066802552716
2024-01-17,TikTok Ads,Video,SaaS,India,58521,3318,5.6697595734864406,1.85,6138.3,39,157.3923076923077,10013.26,1.6312757603896844
2024-10-04,TikTok Ads,Search,SaaS,USA,48361,2713,5.609892268563512,0.87,2360.31,54,43.70944444444444,7890.9,3.343162550681902
2024-05-11,TikTok Ads,Display,Healthcare,UAE,179870,7500,4.169678100850614,1.44,10800.0,112,96.42857142857143,5446.79,0.5043324074074074
2024-10-06,TikTok Ads,Search,E-commerce,Canada,114850,8234,7.1693513278188945,1.6300000000000001,13421.42,245,54.78130612244898,35478.84,2.643449053825899
2024-06-17,Google Ads,Display,Healthcare,India,54976,2611,4.749345168800931,1.32,3446.52,187,18.430588235294117,8230.48,2.388055197706672
2024-08-26,Google Ads,Shopping,Fintech,Australia,162636,9237,5.6795543422120565,1.41,13024.17,738,17.647926829268293,102989.98,7.907604093005542
2024-05-28,Google Ads,Display,Healthcare,India,23375,1175,5.026737967914439,1.42,1668.5,15,111.23333333333333,1524.57,0.9137368894216361
2024-12-22,Meta Ads,Shopping,E-commerce,Canada,167917,6246,3.719694849240994,0.6,3747.6,413,9.07409200968523,25997.62,6.937138435265236
2024-09-07,Google Ads,Search,E-commerce,USA,71216,2357,3.30964951696248,3.17,7471.69,179,41.74128491620112,29354.19,3.928721614520945
2024-12-04,Google Ads,Video,EdTech,Germany,29618,1883,6.357620365993652,2.17,4086.11,90,45.40122222222222,26198.96,6.411711872661284
2024-12-01,Google Ads,Search,Healthcare,Canada,136461,3984,2.919515465957306,1.49,5936.16,214,27.739065420560745,24710.24,4.162664079135333
2024-07-24,TikTok Ads,Search,Healthcare,Australia,132426,7309,5.519308897044387,0.32,2338.88,171,13.67766081871345,24136.13,10.319524729785197
2024-11-29,TikTok Ads,Search,E-commerce,Germany,159692,6882,4.309545875810937,0.37,2546.34,523,4.868718929254302,106309.31,41.749848802595096
2024-09-04,Meta Ads,Video,Fintech,India,27931,608,2.1767928108553223,1.52,924.16,10,92.416,1389.72,1.5037655817174516
2024-08-06,Meta Ads,Display,EdTech,USA,131155,4052,3.0894742861499753,1.24,5024.48,209,24.040574162679423,15982.2,3.1808664777250586
2024-05-27,TikTok Ads,Shopping,Fintech,USA,66842,2339,3.499296849286377,1.4,3274.6,123,26.622764227642275,14081.65,4.3002656813045865
2024-03-05,Google Ads,Shopping,SaaS,UAE,7642,202,2.6432870976184244,3.38,682.76,11,62.06909090909091,1542.21,2.2587878610346244
2024-06-12,Google Ads,Shopping,E-commerce,USA,70618,3601,5.0992664759693,2.23,8030.23,145,55.380896551724135,7976.29,0.9932828823084769
2024-09-27,Meta Ads,Video,E-commerce,Germany,74212,1528,2.0589662049264272,1.46,2230.88,85,26.24564705882353,21331.58,9.56195761313921
2024-03-09,Google Ads,Shopping,E-commerce,USA,10039,501,4.990536906066341,2.29,1147.29,36,31.869166666666665,4805.52,4.188583531626703
2024-12-23,Meta Ads,Video,Healthcare,India,102088,4481,4.389350364391506,0.73,3271.13,316,10.351677215189873,87569.74,26.770486039992296
2024-09-14,TikTok Ads,Display,Fintech,UAE,25025,1256,5.018981018981019,0.43000000000000005,540.08,38,14.21263157894737,5694.61,10.544011998222484
2024-11-05,Google Ads,Shopping,Healthcare,Canada,36707,943,2.568992290298853,1.3099999999999998,1235.33,21,58.82523809523809,4396.12,3.5586604389110605
2024-10-17,TikTok Ads,Search,EdTech,Canada,17356,925,5.329569025120995,0.46,425.5,62,6.862903225806452,5476.85,12.871562867215042
2024-06-25,TikTok Ads,Search,EdTech,India,86257,4597,5.329422539619973,0.8300000000000001,3815.51,301,12.676112956810632,80903.28,21.203791891516467
2024-11-08,Google Ads,Shopping,Fintech,India,32518,1258,3.868626606802386,2.41,3031.78,12,252.64833333333334,2688.72,0.8868453515756419
2024-07-27,Meta Ads,Display,E-commerce,India,75269,2604,3.4595915981346903,0.8300000000000001,2161.32,70,30.876,3191.14,1.4764773379231209
2024-05-16,Google Ads,Video,EdTech,Canada,20534,993,4.835881951884679,2.8699999999999997,2849.91,49,58.161428571428566,1762.93,0.6185914642918549
2024-11-15,TikTok Ads,Shopping,E-commerce,UAE,98500,5614,5.699492385786802,0.61,3424.54,220,15.566090909090908,7676.57,2.2416353729259986
2024-07-25,TikTok Ads,Search,Fintech,UAE,41468,3354,8.088164367705218,1.11,3722.94,81,45.96222222222222,5215.94,1.4010271452131915
2024-05-26,Google Ads,Video,Healthcare,Canada,123696,6531,5.27987970508343,2.58,16849.98,466,36.158755364806865,62974.93,3.7373890058029744
2024-11-08,Meta Ads,Shopping,EdTech,Germany,81848,1694,2.0696901573648714,1.29,2185.26,58,37.67689655172414,7573.87,3.4658896424224115
2024-02-29,Google Ads,Display,EdTech,Canada,92923,1932,2.0791407939907236,3.17,6124.44,32,191.38875,1855.78,0.30301219376792005
2024-11-09,Google Ads,Shopping,E-commerce,UK,170732,7700,4.509992268584682,0.81,6237.0,434,14.370967741935484,53677.08,8.606233766233766
2024-10-03,Google Ads,Display,E-commerce,Australia,86471,4859,5.619224942466261,1.57,7628.63,248,30.76060483870968,19852.56,2.6023755248321128
2024-10-26,Meta Ads,Display,EdTech,UK,115986,1357,1.169968789336644,1.48,2008.36,79,25.422278481012658,8002.44,3.9845645203051245
2024-06-21,TikTok Ads,Display,Healthcare,USA,42019,2979,7.089649920274161,1.51,4498.29,234,19.22346153846154,56724.23,12.610176311442794
2024-01-28,TikTok Ads,Shopping,EdTech,USA,34063,1243,3.6491207468514224,0.38,472.34,40,11.808499999999999,10897.53,23.07136808231359
2024-04-13,TikTok Ads,Shopping,Healthcare,Australia,107476,4707,4.379582418400387,1.7,8001.9,293,27.31023890784983,72605.27,9.073503792849198
2024-12-16,TikTok Ads,Search,Fintech,Canada,33302,3007,9.029487718455348,0.28,841.96,95,8.862736842105264,3253.81,3.8645660126371797
2024-12-21,Google Ads,Shopping,SaaS,USA,70206,3945,5.619177848047176,3.6,14202.0,248,57.266129032258064,37055.99,2.609209266300521
2024-02-17,Meta Ads,Video,E-commerce,Germany,16094,616,3.827513359015782,2.29,1410.64,40,35.266000000000005,8923.08,6.32555435830545
2024-06-03,Meta Ads,Video,Fintech,UAE,182718,2558,1.3999715408443614,1.36,3478.88,124,28.05548387096774,28756.15,8.265921790921217
2024-08-01,TikTok Ads,Search,EdTech,India,66169,2057,3.1087064939775426,1.49,3064.93,136,22.53625,39364.99,12.843683216256162
2024-01-13,Meta Ads,Shopping,SaaS,India,24404,710,2.9093591214554992,0.61,433.1,10,43.31,923.15,2.131493881320711
2024-05-23,TikTok Ads,Shopping,EdTech,Australia,30517,2575,8.4379198479536,0.8,2060.0,205,10.048780487804878,7811.94,3.7922038834951453
2024-04-04,TikTok Ads,Video,E-commerce,Australia,145148,5762,3.9697412296414694,1.4899999999999998,8585.38,213,40.30694835680751,10475.22,1.2201230463881623
2024-02-19,Google Ads,Display,Fintech,Germany,37101,2166,5.838117570954961,2.9499999999999997,6389.7,45,141.99333333333334,3868.37,0.6054071396153184
2024-02-08,Meta Ads,Search,EdTech,UK,151480,2514,1.6596250330076576,2.06,5178.84,72,71.92833333333334,4076.45,0.787135729236663
2024-04-05,TikTok Ads,Video,EdTech,India,159813,7575,4.739914775393742,0.9,6817.5,319,21.371473354231973,35965.7,5.275496883021635
2024-09-21,TikTok Ads,Display,Healthcare,UK,135956,11529,8.479949395392627,0.5,5764.5,732,7.875,207824.45,36.05246769017261
2024-07-26,Google Ads,Search,SaaS,UAE,70982,2548,3.58964244456341,2.88,7338.24,117,62.72,32045.18,4.366875436071865
2024-03-17,TikTok Ads,Search,Healthcare,India,132992,7926,5.95975697786333,0.64,5072.64,553,9.172947558770344,41271.28,8.136055387332828
2024-08-13,TikTok Ads,Video,Healthcare,India,13597,747,5.493858939471942,1.91,1426.77,25,57.0708,5673.88,3.97673065735893
2024-05-06,Meta Ads,Search,EdTech,USA,199472,5286,2.649995989412048,1.32,6977.52,192,36.34125,17789.77,2.5495835196459486
2024-02-27,Google Ads,Search,Healthcare,USA,108751,5459,5.019723956561319,1.43,7806.37,345,22.627159420289853,24740.95,3.1693283818215128
2024-12-24,Meta Ads,Display,E-commerce,India,175591,5864,3.339578907802792,0.44,2580.16,333,7.7482282282282275,52097.57,20.191604396626566
2024-11-08,TikTok Ads,Search,EdTech,India,36027,2770,7.68867793599245,1.08,2991.6,205,14.593170731707316,16618.85,5.555171145875117
2024-08-19,TikTok Ads,Shopping,E-commerce,Canada,57265,2302,4.0199074478302625,1.3,2992.6,85,35.20705882352941,4068.49,1.3595168081267126
2024-07-18,Google Ads,Shopping,Fintech,India,161904,4727,2.919631386500642,1.64,7752.28,263,29.47634980988593,21545.93,2.7793023471804426
2024-08-31,Google Ads,Display,Healthcare,Canada,49757,1243,2.498140965090339,3.14,3903.02,39,100.07743589743589,4749.9,1.2169806969987342
2024-07-28,Google Ads,Video,EdTech,USA,168623,6896,4.0895963184144515,1.42,9792.32,200,48.9616,24436.96,2.49552302212346
2024-09-06,Meta Ads,Video,SaaS,Canada,98079,3226,3.289185248626107,2.18,7032.68,44,159.83363636363637,1401.71,0.19931377511844703
2024-06-23,Google Ads,Search,EdTech,UK,11305,562,4.9712516585581605,1.72,966.64,42,23.015238095238097,8107.06,8.386845154349086
2024-10-20,TikTok Ads,Shopping,Healthcare,India,109188,6354,5.8193208044840095,1.26,8006.04,216,37.065,49228.57,6.148928808749394
2024-08-14,Meta Ads,Display,Healthcare,Germany,73309,2323,3.1687787311244184,0.6,1393.8,39,35.738461538461536,1966.71,1.411041756349548
2024-12-14,Google Ads,Video,Healthcare,India,81996,1508,1.8391141031269815,2.33,3513.64,75,46.84853333333333,8251.24,2.34834530572284
2024-04-03,TikTok Ads,Display,EdTech,UK,122192,4398,3.599253633625769,0.9900000000000001,4354.02,348,12.511551724137933,64414.08,14.794162635908883
2024-11-30,Google Ads,Display,SaaS,UAE,79960,1591,1.989744872436218,1.03,1638.73,55,29.79509090909091,15206.45,9.27941149548736
2024-11-05,Meta Ads,Display,Healthcare,Australia,188804,5267,2.7896654731891273,2.1,11060.7,64,172.8234375,10138.3,0.9166056397877167
2024-05-25,Meta Ads,Display,Fintech,UK,80139,2436,3.039718489125145,1.58,3848.88,37,104.02378378378378,4653.12,1.2089542931969819
2024-12-25,Meta Ads,Shopping,SaaS,Germany,51999,930,1.7884959326140888,1.2,1116.0,13,85.84615384615384,1777.36,1.5926164874551971
2024-12-11,Google Ads,Video,EdTech,India,119527,6597,5.519255063709455,3.1,20450.7,497,41.148289738430584,137884.47,6.7422860831169595
2024-08-17,Meta Ads,Search,Fintech,India,194073,6346,3.2699035929779,1.7999999999999998,11422.8,168,67.99285714285713,9921.38,0.868559372483104
2024-09-27,TikTok Ads,Display,SaaS,UK,55599,3697,6.649400169067789,1.64,6063.08,217,27.940460829493087,25513.42,4.207996595789599
2024-10-17,Google Ads,Video,Healthcare,India,176541,4378,2.479877195665596,2.87,12564.86,175,71.7992,19637.27,1.5628721688900633
2024-06-23,Google Ads,Display,Fintech,UAE,118710,4036,3.399882065537865,2.48,10009.28,235,42.59268085106383,28657.57,2.8631000431599474
2024-02-17,TikTok Ads,Search,Fintech,Germany,113297,9675,8.539502369877402,1.81,17511.75,380,46.08355263157895,16593.87,0.9475849072765429
2024-07-05,Google Ads,Search,Fintech,UK,6881,357,5.188199389623601,2.29,817.53,5,163.506,872.75,1.0675449218988906
2024-05-20,Meta Ads,Shopping,EdTech,Germany,121477,1834,1.5097508170270917,0.49,898.66,98,9.17,10542.66,11.731533616718226
2024-06-28,Google Ads,Display,SaaS,Australia,188419,10231,5.429919487949729,2.1500000000000004,21996.65,754,29.173275862068966,134062.71,6.094687600157296
2024-08-11,Meta Ads,Video,EdTech,UK,46743,1523,3.258241875788888,0.8,1218.4,51,23.890196078431373,5825.03,4.780884766907419
2024-03-10,Google Ads,Video,Fintech,India,93302,4058,4.349317270798054,0.81,3286.98,50,65.7396,14861.71,4.521387413370327
2024-05-14,Google Ads,Search,SaaS,Australia,140747,8571,6.0896502234505885,3.25,27855.75,332,83.90286144578313,48279.89,1.7332109169561043
2024-04-16,Google Ads,Search,Healthcare,Australia,36831,1572,4.268143683310255,3.4499999999999997,5423.4,48,112.9875,4165.73,0.7681030349964967
2024-04-17,TikTok Ads,Display,SaaS,Germany,146842,10646,7.249969354816741,1.23,13094.58,615,21.292,113988.39,8.705005429727414
2024-04-05,Meta Ads,Display,EdTech,USA,69892,2851,4.079150689635438,0.78,2223.78,52,42.765,11407.42,5.129743050121864
2024-03-29,Google Ads,Shopping,SaaS,UK,118985,4545,3.8198092196495357,3.23,14680.35,259,56.680888030888035,58417.12,3.979272973737002
2024-07-12,Meta Ads,Display,E-commerce,India,12452,280,2.24863475746868,1.23,344.4,18,19.133333333333333,4734.22,13.746283391405344
2024-01-22,Google Ads,Display,EdTech,UAE,85077,4032,4.739236221305405,2.84,11450.88,253,45.26039525691699,13168.69,1.15001554465683
2024-08-18,TikTok Ads,Search,Fintech,India,39782,3393,8.528982957116284,1.71,5802.03,143,40.57363636363636,23555.27,4.059832506898448
2024-04-13,Google Ads,Video,EdTech,Australia,192135,10663,5.549743669815494,1.78,18980.14,741,25.61422402159244,213823.36,11.265636607527657
2024-04-04,Meta Ads,Search,Healthcare,India,156317,5924,3.789734961648445,0.71,4206.04,464,9.064741379310345,64623.96,15.36456144021455
2024-02-15,Google Ads,Shopping,Fintech,Germany,39754,2007,5.04854857372843,2.33,4676.31,108,43.29916666666667,6981.98,1.493053283464954
2024-10-02,Meta Ads,Shopping,EdTech,UAE,84526,2214,2.6193124009180604,0.44,974.16,117,8.326153846153845,30360.22,31.16553748870822
2024-08-27,Google Ads,Shopping,SaaS,UK,159226,5206,3.269566528079585,0.97,5049.82,137,36.86,27701.27,5.485595526177171
2024-10-01,TikTok Ads,Display,SaaS,Canada,178503,9639,5.399909245222769,0.56,5397.84,146,36.97150684931507,40162.93,7.440555851970418
2024-05-19,TikTok Ads,Shopping,SaaS,India,176946,13784,7.789947215534683,0.86,11854.24,743,15.954562584118438,208986.19,17.629657405282835
2024-08-02,Meta Ads,Display,Fintech,Germany,163124,4273,2.6194796596454233,0.9099999999999999,3888.43,239,16.269581589958158,71554.77,18.401969432393024
2024-06-21,Meta Ads,Display,EdTech,UAE,150486,6230,4.139919992557447,1.21,7538.3,243,31.021810699588478,55217.61,7.324941963042065
2024-05-17,Google Ads,Search,E-commerce,UK,88384,3641,4.119523895727734,1.2200000000000002,4442.02,89,49.91033707865169,4077.32,0.917897713202552
2024-07-07,Meta Ads,Display,SaaS,USA,74922,1333,1.779183684365073,1.32,1759.56,95,18.521684210526317,17171.74,9.759110232103481
2024-01-17,TikTok Ads,Video,EdTech,UAE,188846,12671,6.7096999671690165,1.37,17359.27,821,21.144056029232644,86047.94,4.956887011953843
2024-03-27,TikTok Ads,Search,SaaS,UK,10209,314,3.075717504162993,1.7899999999999998,562.06,13,43.23538461538461,3231.96,5.750204604490625
2024-11-27,TikTok Ads,Video,E-commerce,India,31140,1712,5.497752087347463,1.3399999999999999,2294.08,63,36.41396825396825,5569.82,2.4279100990375224
2024-03-08,Meta Ads,Video,SaaS,Canada,46850,983,2.0981856990394876,1.58,1553.14,38,40.8721052631579,10968.52,7.062157950989608
2024-04-28,Meta Ads,Shopping,EdTech,Canada,17720,287,1.6196388261851016,1.4100000000000001,404.67,4,101.1675,597.18,1.4757209578174808
2024-01-29,Google Ads,Video,SaaS,Germany,16781,684,4.076038376735594,1.3,889.2,8,111.15,1435.11,1.6139338731443993
2024-11-29,Meta Ads,Video,E-commerce,Germany,61652,2614,4.239927334068643,1.28,3345.92,133,25.157293233082708,20303.14,6.0680291220351945
2024-07-06,Meta Ads,Display,EdTech,USA,194933,4054,2.079688918756701,2.0300000000000002,8229.62,197,41.77472081218274,9992.76,1.2142431849830246
2024-02-25,Google Ads,Search,EdTech,Canada,100386,5250,5.229812922120614,0.98,5145.0,254,20.255905511811022,73673.45,14.319426627793975
2024-01-25,Google Ads,Search,Healthcare,UAE,50203,1390,2.7687588391132003,1.95,2710.5,47,57.670212765957444,11338.98,4.183353624792473
2024-01-14,TikTok Ads,Search,SaaS,India,85428,5134,6.009739195579904,0.86,4415.24,202,21.857623762376235,37603.74,8.51680542847048
2024-05-05,TikTok Ads,Video,EdTech,UAE,192428,9967,5.179599642463675,1.6,15947.2,570,27.977543859649124,78044.55,4.893934358382663
2024-08-19,Google Ads,Shopping,Healthcare,UK,33756,2150,6.369238061381681,2.17,4665.5,108,43.199074074074076,7948.11,1.7035923266530917
2024-03-28,Meta Ads,Video,Fintech,UAE,103162,1485,1.4394835307574496,0.9700000000000001,1440.45,35,41.15571428571429,5899.5,4.095595126522961
2024-09-02,Google Ads,Search,EdTech,UAE,142844,2971,2.0798913500042002,1.69,5020.99,95,52.85252631578947,5534.94,1.1023602914962984
2024-05-31,Google Ads,Search,Fintech,USA,50201,2198,4.37839883667656,2.25,4945.5,112,44.15625,12918.19,2.6121099989889798
2024-01-16,Meta Ads,Video,Fintech,USA,143421,3542,2.4696522824412046,0.86,3046.12,181,16.82939226519337,26273.04,8.625083713051358
2024-10-13,Meta Ads,Shopping,Fintech,Australia,71537,1809,2.5287613402854467,1.65,2984.85,57,52.36578947368421,6227.5,2.0863694993048227
2024-11-03,Google Ads,Video,Fintech,USA,198604,8162,4.109685605526576,3.1,25302.2,584,43.32568493150685,25281.15,0.9991680565326335
2024-04-08,Google Ads,Search,Healthcare,Canada,114028,3112,2.7291542428175535,1.3599999999999999,4232.32,120,35.26933333333333,10393.96,2.4558539996975655
2024-06-05,TikTok Ads,Video,Healthcare,Australia,180309,5823,3.2294561003610465,0.65,3784.95,232,16.314439655172414,46549.68,12.29862481670828
2024-03-22,Meta Ads,Video,SaaS,Canada,168402,5237,3.1098205484495436,0.85,4451.45,188,23.67792553191489,43774.92,9.833856383874917
2024-12-23,TikTok Ads,Video,E-commerce,Canada,125419,4126,3.2897726819700366,0.85,3507.1,294,11.92891156462585,32829.78,9.360947791622708
2024-02-05,TikTok Ads,Video,SaaS,UK,123680,8373,6.769890038809832,0.6,5023.8,263,19.10190114068441,12412.26,2.4706915084199212
2024-06-24,Google Ads,Search,Fintech,UK,117660,6388,5.429202787693354,1.81,11562.28,331,34.93135951661632,17255.28,1.4923769360368369
2024-09-02,Meta Ads,Video,Fintech,Canada,76916,2761,3.589630245982631,0.71,1960.31,64,30.62984375,14368.24,7.329575424295137
2024-02-17,Meta Ads,Video,E-commerce,Canada,150631,5648,3.749560183494766,1.9400000000000002,10957.12,111,98.7127927927928,21671.9,1.9778828743319412
2024-02-19,Google Ads,Display,Fintech,Australia,126635,4254,3.359260867848541,1.3299999999999998,5657.82,313,18.076102236421725,28110.42,4.96841893167333
2024-12-14,Google Ads,Video,EdTech,India,159721,3625,2.269582584631952,1.91,6923.75,150,46.15833333333333,39701.58,5.7341151832460735
2024-09-01,Meta Ads,Shopping,Healthcare,UAE,150698,4581,3.039854543524134,0.51,2336.31,285,8.19757894736842,32525.45,13.921718436337644
2024-04-14,TikTok Ads,Search,EdTech,Canada,98348,3225,3.279171920120389,1.27,4095.75,59,69.41949152542372,2846.94,0.6950961362387841
2024-08-03,Meta Ads,Search,E-commerce,USA,110603,2377,2.149127962171008,0.6900000000000001,1640.13,62,26.453709677419358,2761.12,1.6834763098047105
2024-01-18,Google Ads,Shopping,E-commerce,UAE,76792,3317,4.319460360454213,3.1,10282.7,262,39.2469465648855,42043.84,4.088793799293959
2024-03-08,TikTok Ads,Shopping,SaaS,USA,44405,1953,4.398153361107983,1.53,2988.09,22,135.82227272727275,6030.56,2.0181989163646343
2024-08-28,Google Ads,Shopping,E-commerce,India,49462,1206,2.4382354130443575,1.95,2351.7,74,31.779729729729727,12950.09,5.506693030573628
2024-05-01,TikTok Ads,Display,SaaS,Australia,140440,11825,8.419965821703219,0.68,8041.0,748,10.75,31071.69,3.8641574431040913
2024-06-27,TikTok Ads,Display,Healthcare,USA,112392,4934,4.389992170261229,1.6400000000000001,8091.76,363,22.291349862258954,91221.43,11.273373159856446
2024-04-17,TikTok Ads,Shopping,Healthcare,Australia,125654,8318,6.619765387492639,0.58,4824.44,566,8.523745583038869,117035.13,24.258801021465707
2024-07-16,Meta Ads,Search,Healthcare,UK,167002,3406,2.0394965329756527,1.8299999999999998,6232.98,76,82.0128947368421,10328.31,1.6570420569294302
2024-04-06,TikTok Ads,Search,SaaS,Australia,108247,6971,6.4399013367576,0.5900000000000001,4112.89,517,7.955299806576403,139391.79,33.89144616072883
2024-04-14,Meta Ads,Display,Fintech,Australia,53128,1678,3.1584098780304175,1.51,2533.78,66,38.39060606060606,19225.18,7.587549037406562
2024-02-01,Meta Ads,Video,EdTech,USA,65942,2044,3.0996936701950197,1.0499999999999998,2146.2,48,44.7125,6784.27,3.1610614108657167
2024-03-14,Google Ads,Display,E-commerce,Canada,32160,1186,3.687810945273632,1.34,1589.24,12,132.43666666666667,1927.71,1.2129760136920793
2024-09-29,Google Ads,Search,EdTech,USA,58364,2241,3.839695702830512,2.22,4975.02,136,36.58102941176471,15149.72,3.045157607406603
2024-06-05,Meta Ads,Search,E-commerce,India,79462,2058,2.5899171931237572,0.88,1811.04,146,12.404383561643835,7813.85,4.31456511175899
2024-04-01,Meta Ads,Display,SaaS,India,151864,4358,2.8696728651951746,1.6900000000000002,7365.02,175,42.08582857142857,45340.29,6.156166582032363
2024-04-27,Google Ads,Shopping,EdTech,UAE,182926,6749,3.689470058930934,1.94,13093.06,343,38.17218658892128,53279.93,4.069326039902055
2024-10-25,Meta Ads,Shopping,E-commerce,India,107489,2515,2.339774302486766,1.4,3521.0,166,21.210843373493976,18411.15,5.228954842374326
2024-08-03,TikTok Ads,Search,Healthcare,India,40709,1314,3.2277874671448576,0.7,919.8,90,10.219999999999999,16081.05,17.48320287018917
2024-09-24,Google Ads,Video,Fintech,Australia,143561,9144,6.369417878114529,1.9299999999999997,17647.92,630,28.012571428571427,123364.05,6.990288373927354
2024-03-24,Google Ads,Shopping,Fintech,India,94242,5466,5.799961800471127,1.67,9128.22,100,91.28219999999999,6794.77,0.7443696580494337
2024-09-23,Google Ads,Display,Healthcare,UAE,111311,5765,5.179182650411909,2.71,15623.15,389,40.162339331619535,22317.92,1.4285160162963295
2024-09-24,TikTok Ads,Video,Fintech,USA,130865,9461,7.229587743094028,1.48,14002.28,221,63.35873303167421,46411.13,3.314540917621987
2024-01-02,Meta Ads,Video,EdTech,USA,138639,2204,1.5897402606770101,1.7999999999999998,3967.2,154,25.76103896103896,35803.07,9.024770619076428
2024-06-15,TikTok Ads,Shopping,SaaS,India,147355,7485,5.079569746530488,0.91,6811.35,81,84.09074074074074,14520.06,2.1317448082979142
2024-04-29,Meta Ads,Shopping,Fintech,UK,26751,489,1.8279690478860602,1.93,943.77,8,117.97125,791.56,0.8387212986214861
2024-01-25,TikTok Ads,Display,SaaS,UK,42706,2084,4.879876363976958,1.59,3313.56,35,94.67314285714285,4766.32,1.4384287594007652
2024-09-02,Meta Ads,Video,SaaS,UAE,173337,3189,1.8397687741220858,2.03,6473.67,224,28.900312500000002,43055.91,6.650927526426278
2024-07-28,Meta Ads,Shopping,SaaS,Canada,99948,1389,1.389722655781006,1.04,1444.56,67,21.56059701492537,4987.6,3.452677631943291
2024-03-30,Google Ads,Video,Healthcare,Canada,65282,1723,2.6393186483257254,1.91,3290.93,64,51.42078125,16624.45,5.051596357260714
2024-02-01,Google Ads,Video,EdTech,USA,48790,2824,5.788071326091412,1.3,3671.2,178,20.624719101123596,37847.71,10.309356613641317
2024-07-16,Google Ads,Shopping,EdTech,UAE,163272,5551,3.3998481062276444,2.23,12378.73,135,91.69429629629629,38753.89,3.130683842365089
2024-11-04,Google Ads,Video,EdTech,Australia,149233,3686,2.4699630778715163,1.0,3686.0,250,14.744,16524.46,4.483033098209441
2024-02-27,TikTok Ads,Search,SaaS,UAE,7637,415,5.434070970276286,1.54,639.1,10,63.910000000000004,1137.83,1.7803630104834922
2024-01-04,Google Ads,Display,Fintech,UK,20198,878,4.346965046044163,2.68,2353.04,67,35.12,5967.58,2.536114983170707
2024-09-11,Google Ads,Search,EdTech,UAE,32675,941,2.879877582249426,1.09,1025.69,47,21.823191489361704,12632.32,12.315923914633075
2024-02-28,Google Ads,Search,EdTech,USA,116560,4312,3.699382292381606,2.79,12030.48,198,60.76,51746.42,4.301276424548314
2024-01-27,Meta Ads,Display,E-commerce,Australia,176459,3670,2.079803240412787,1.91,7009.7,65,107.84153846153846,2483.8,0.35433756080859385
2024-09-02,Meta Ads,Shopping,SaaS,Australia,49980,1664,3.329331732693077,1.98,3294.72,37,89.04648648648649,6236.77,1.8929590374902878
2024-01-07,Meta Ads,Video,Healthcare,Germany,98944,1850,1.8697445019404915,1.42,2627.0,78,33.67948717948718,17285.68,6.58000761324705
2024-04-01,TikTok Ads,Video,Healthcare,USA,115310,3205,2.7794640534212123,1.04,3333.2,134,24.87462686567164,14521.43,4.356603264130565
2024-08-08,Meta Ads,Search,E-commerce,India,8626,242,2.8054718293531185,1.13,273.46,18,15.19222222222222,3013.54,11.020039493893075
2024-01-05,Meta Ads,Display,E-commerce,Germany,88732,1579,1.7795158454672495,0.44,694.76,32,21.71125,4757.82,6.848149001093903
2024-06-20,Meta Ads,Video,EdTech,Germany,29502,604,2.0473188258423156,1.61,972.44,30,32.41466666666667,5842.59,6.0081753115873475
2024-09-14,TikTok Ads,Search,E-commerce,Canada,198085,14460,7.299896509074387,0.8200000000000001,11857.2,1133,10.46531332744925,295028.26,24.88178153358297
2024-07-14,Meta Ads,Shopping,Healthcare,USA,111802,2247,2.009803044668253,1.6500000000000001,3707.55,163,22.745705521472395,6163.84,1.6625102830710308
2024-08-01,Google Ads,Shopping,EdTech,UAE,65186,1955,2.9991102383947474,2.2600000000000002,4418.3,89,49.6438202247191,13375.79,3.0273612022723673
2024-06-15,TikTok Ads,Video,EdTech,UK,101176,6505,6.429390369257532,0.9600000000000001,6244.8,459,13.605228758169934,44008.34,7.047197668460158
2024-08-07,TikTok Ads,Video,SaaS,UAE,41307,1367,3.3093664512068175,0.5700000000000001,779.19,92,8.469456521739131,6211.99,7.972368741898637
2024-05-12,Meta Ads,Video,EdTech,UK,174579,3247,1.85990296656528,1.33,4318.51,187,23.093636363636364,41760.07,9.670018131253602
2024-02-14,Meta Ads,Video,SaaS,India,83137,2045,2.4597952776742003,1.01,2065.45,37,55.82297297297297,1798.59,0.8707981311578591
2024-01-04,Meta Ads,Search,Healthcare,UK,122897,2040,1.6599266052059853,0.77,1570.8,159,9.879245283018868,45753.83,29.12772472625414
2024-10-17,TikTok Ads,Search,Healthcare,India,47462,1803,3.798828536513421,0.53,955.59,98,9.750918367346939,29213.28,30.570935233729944
2024-06-19,TikTok Ads,Display,EdTech,Germany,99202,6428,6.479708070401806,1.54,9899.12,165,59.994666666666674,34456.26,3.4807397021149353
2024-02-26,Meta Ads,Shopping,SaaS,USA,125871,3083,2.4493330473262307,1.72,5302.76,185,28.66356756756757,27759.15,5.234849399180804
2024-03-10,Google Ads,Search,Healthcare,UK,8880,216,2.4324324324324325,2.06,444.96,6,74.16,1186.19,2.665835131247753
2024-11-30,Google Ads,Shopping,EdTech,USA,156388,7021,4.489474895772054,1.6400000000000001,11514.44,315,36.55377777777778,34670.52,3.011046998377689
2024-03-27,Google Ads,Video,EdTech,UK,109672,2675,2.4390911080312203,2.55,6821.25,50,136.425,11521.03,1.6889910207073484
2024-05-07,Meta Ads,Display,SaaS,UAE,70030,1470,2.0991003855490504,1.68,2469.6,90,27.439999999999998,9384.9,3.800170068027211
2024-01-03,Meta Ads,Video,EdTech,India,149375,6109,4.089707112970712,2.18,13317.62,89,149.6361797752809,22418.8,1.6833938796872112
2024-06-07,Meta Ads,Search,Fintech,Canada,123171,3756,3.049419100275227,1.8599999999999999,6986.16,52,134.34923076923076,7553.6,1.0812234475019182
2024-03-16,Meta Ads,Search,SaaS,UK,52779,596,1.1292370071429925,1.09,649.64,35,18.56114285714286,3583.95,5.516824702912382
2024-05-23,Google Ads,Display,Fintech,USA,117036,3569,3.049489046105472,2.13,7601.97,178,42.70769662921349,11935.14,1.570006195762414
2024-07-17,TikTok Ads,Shopping,E-commerce,UAE,177517,13917,7.839812524997606,0.9099999999999999,12664.47,671,18.87402384500745,36680.47,2.8963288633476174
2024-12-30,TikTok Ads,Search,EdTech,Germany,196349,8325,4.239899362869177,0.69,5744.25,398,14.432788944723619,42464.91,7.392594333463899
2024-10-31,TikTok Ads,Search,SaaS,UAE,174898,13029,7.449484842593969,1.26,16416.54,822,19.9714598540146,162206.84,9.880695932273182
2024-06-30,Google Ads,Display,EdTech,USA,83972,4903,5.838851045586624,2.9000000000000004,14218.7,341,41.69706744868036,36574.45,2.5722780563623955
2024-04-26,Meta Ads,Search,Fintech,USA,165371,2993,1.8098699288266986,1.51,4519.43,32,141.2321875,8918.68,1.9734081510278951
2024-08-30,TikTok Ads,Shopping,Fintech,USA,133949,7219,5.38936460891832,1.5199999999999998,10972.88,73,150.31342465753423,21583.28,1.9669658284789409
2024-09-15,TikTok Ads,Display,Fintech,Australia,105400,7704,7.309297912713472,1.11,8551.44,442,19.34714932126697,49251.38,5.75942531316363
2024-08-04,Google Ads,Shopping,EdTech,USA,63959,2014,3.1488922591034885,2.2800000000000002,4591.92,150,30.6128,37769.59,8.225228226972595
2024-03-06,Google Ads,Search,SaaS,India,6044,146,2.415618795499669,1.13,164.98,5,32.995999999999995,611.36,3.7056612922778522
2024-04-08,Google Ads,Shopping,Fintech,USA,90945,3637,3.999120347462752,3.02,10983.74,145,75.74993103448276,21488.5,1.9563919029401644
2024-02-01,Google Ads,Search,SaaS,UK,73681,4457,6.0490492800043425,1.77,7888.89,95,83.04094736842106,11815.26,1.497708803139605
2024-12-14,Google Ads,Display,Healthcare,Australia,195545,8799,4.499731519599069,2.98,26221.02,444,59.05635135135135,122723.09,4.680332420325373
2024-07-14,Google Ads,Shopping,E-commerce,USA,46846,2183,4.659949622166247,3.36,7334.88,46,159.45391304347825,5098.84,0.695149750234496
2024-07-03,Google Ads,Shopping,Healthcare,Canada,183428,4549,2.479992149508254,2.11,9598.39,135,71.09918518518518,6604.0,0.6880320553759537
2024-05-09,Google Ads,Shopping,EdTech,Australia,173913,5860,3.369500842375211,3.46,20275.6,111,182.66306306306305,20779.66,1.0248604233660163
2024-05-05,Google Ads,Video,SaaS,USA,190541,9527,4.999973758928525,2.17,20673.59,157,131.67891719745222,5416.71,0.26201109725016314
2024-09-11,TikTok Ads,Video,SaaS,Canada,122116,5507,4.509646565560614,0.98,5396.86,110,49.062363636363635,3555.98,0.6588979517719563
2024-03-23,Google Ads,Display,Fintech,India,47879,1149,2.3997994945592014,3.06,3515.94,25,140.6376,3124.11,0.8885561187050974
2024-10-08,Meta Ads,Search,Healthcare,USA,164876,5820,3.529925519784565,0.74,4306.8,463,9.301943844492442,73917.74,17.163030556329527
2024-05-13,Meta Ads,Display,SaaS,USA,163253,1779,1.0897196376176854,0.51,907.29,121,7.498264462809917,18762.73,20.67997002061083
2024-10-04,Meta Ads,Shopping,Fintech,India,120631,1532,1.2699886430519518,0.77,1179.64,114,10.347719298245615,25286.78,21.43601437726764
2024-04-29,Meta Ads,Display,Fintech,Australia,12610,197,1.5622521808088818,0.66,130.02,11,11.82,2637.16,20.28272573450238
2024-01-12,Meta Ads,Video,Healthcare,UK,62676,595,0.9493266960239964,2.4200000000000004,1439.9,32,44.996875,1319.08,0.9160913952357802
2024-07-10,Google Ads,Search,Fintech,UK,59943,2163,3.6084280066062764,3.29,7116.27,114,62.42342105263158,4800.81,0.6746244872665034
2024-10-20,Meta Ads,Display,SaaS,USA,78302,900,1.1493959285841995,0.49,441.0,52,8.48076923076923,6354.23,14.408684807256234
2024-09-04,Google Ads,Video,EdTech,UK,154805,9535,6.159361777720358,0.9600000000000001,9153.6,525,17.435428571428574,18155.37,1.9834130833770318
2024-05-09,TikTok Ads,Video,Fintech,Australia,41839,2991,7.1488324290733525,0.9900000000000001,2961.09,45,65.802,9665.89,3.2643013214728356
2024-06-17,Meta Ads,Shopping,SaaS,India,127872,2953,2.309340590590591,0.59,1742.27,150,11.615133333333333,15282.38,8.771533688808278
2024-11-04,Google Ads,Display,Fintech,Germany,146779,5019,3.4194264847151157,2.22,11142.18,349,31.926017191977078,91145.36,8.180208899874172
2024-06-26,Google Ads,Shopping,EdTech,USA,133588,6545,4.899392160972543,1.6800000000000002,10995.6,241,45.62489626556017,34421.71,3.1304985630615882
2024-01-29,Google Ads,Video,Fintech,UK,82462,3916,4.74885401760811,2.1,8223.6,199,41.32462311557789,48785.37,5.932361739384211
2024-01-18,Google Ads,Display,E-commerce,Australia,55248,1646,2.9792933680857225,2.6,4279.6,43,99.52558139534885,12311.15,2.876705766894102
2024-08-09,Google Ads,Display,Healthcare,UAE,90374,2349,2.599198884634961,0.9700000000000001,2278.53,69,33.02217391304348,5506.03,2.416483434495047
2024-03-06,Meta Ads,Video,EdTech,USA,104976,1238,1.179317177259564,1.52,1881.76,16,117.61,4162.98,2.212279993197857
2024-11-10,Google Ads,Display,SaaS,Australia,124774,3481,2.789844038020741,1.21,4212.01,113,37.274424778761066,4447.19,1.0558355749392807
2024-08-14,Google Ads,Search,SaaS,USA,109263,2829,2.589165591279756,0.88,2489.52,129,19.29860465116279,14321.34,5.752651113467657
2024-06-13,Google Ads,Video,Fintech,UAE,105814,6126,5.789404048613605,2.79,17091.54,289,59.140276816609,45447.24,2.659048862770704
2024-08-16,TikTok Ads,Shopping,Healthcare,Canada,41113,2347,5.708656629290005,0.96,2253.12,33,68.27636363636363,2659.26,1.1802567106945039
2024-01-15,Google Ads,Search,SaaS,Canada,43098,1620,3.758875121815398,2.7300000000000004,4422.6,39,113.4,7135.44,1.6134038800705466
2024-08-28,Meta Ads,Display,E-commerce,Canada,25991,309,1.1888730714478088,1.52,469.68,14,33.54857142857143,2306.63,4.911067109521376
2024-11-21,Google Ads,Display,EdTech,India,150778,2985,1.9797317911101089,1.39,4149.15,59,70.32457627118643,16435.61,3.961199281780606
2024-07-17,Google Ads,Video,EdTech,Germany,113500,7604,6.699559471365639,1.3,9885.2,340,29.074117647058827,21520.64,2.1770566098814386
2024-10-31,Meta Ads,Video,EdTech,UAE,140453,4213,2.9995799306529585,1.09,4592.17,56,82.00303571428572,4347.77,0.9467789737749257
2024-04-21,TikTok Ads,Display,SaaS,Germany,27936,1402,5.018613974799542,1.32,1850.64,99,18.693333333333335,26865.9,14.51708598106601
2024-02-27,TikTok Ads,Display,SaaS,UK,133303,4225,3.1694710546649367,1.53,6464.25,139,46.50539568345324,8508.68,1.316267161697026
2024-05-02,Google Ads,Video,EdTech,UAE,117333,2898,2.4698933803789216,3.9299999999999997,11389.14,48,237.27374999999998,5367.73,0.4713024864037144
2024-09-14,Meta Ads,Display,SaaS,USA,152680,6214,4.069950222687975,2.1,13049.4,283,46.11095406360424,13261.37,1.016243658712278
2024-09-20,Google Ads,Display,Healthcare,USA,168384,4681,2.7799553401748387,2.57,12030.17,267,45.05681647940075,58628.48,4.873453991090733
2024-08-22,Google Ads,Display,Fintech,Australia,106026,5152,4.859185482806104,1.7200000000000002,8861.44,240,36.92266666666667,50663.13,5.717257014661273
2024-04-22,Google Ads,Search,E-commerce,Germany,107364,4895,4.559256361536455,2.65,12971.75,200,64.85875,42108.23,3.246148746314106
2024-06-25,Google Ads,Video,EdTech,UK,132152,7572,5.729765724317453,1.14,8632.08,552,15.637826086956522,115644.47,13.397057256188543
2024-07-14,Google Ads,Shopping,Fintech,Australia,116695,5799,4.969364582887013,3.13,18150.87,372,48.79266129032258,56034.95,3.087177088481158
2024-11-28,Meta Ads,Search,E-commerce,UK,116030,4177,3.5999310523140564,0.9,3759.3,188,19.996276595744682,8691.11,2.31189583167079
2024-08-11,TikTok Ads,Search,E-commerce,Australia,164599,11209,6.809883413629487,0.41,4595.69,653,7.037810107197549,133415.01,29.030463325420126
2024-04-18,TikTok Ads,Video,Fintech,India,188844,12860,6.809853635805214,0.98,12602.8,892,14.128699551569506,133607.64,10.601425080140922
2024-09-10,TikTok Ads,Search,E-commerce,Canada,90468,5753,6.359154618207544,0.7999999999999999,4602.4,141,32.641134751773045,12042.73,2.616619589779246
2024-06-24,Google Ads,Video,E-commerce,Australia,117223,7935,6.769149399008727,2.02,16028.7,166,96.55843373493977,47449.87,2.960306824633314
2024-03-26,TikTok Ads,Shopping,SaaS,Germany,93478,5786,6.189691692162862,0.42,2430.12,272,8.934264705882352,27905.19,11.483050219742235
2024-11-29,Google Ads,Video,EdTech,Canada,9134,228,2.496168162907817,1.3900000000000001,316.92,2,158.46,329.55,1.0398523286633852
2024-05-10,Meta Ads,Display,E-commerce,UAE,29485,1341,4.548075292521621,1.41,1890.81,46,41.104565217391304,4626.55,2.446861398025185
2024-12-23,TikTok Ads,Video,SaaS,Canada,22221,1706,7.677422258224202,0.5,853.0,74,11.527027027027026,14659.06,17.18529894490035
2024-06-19,Google Ads,Display,SaaS,Germany,178567,8374,4.689556300996265,1.33,11137.42,98,113.64714285714285,8808.29,0.7908734697982118
2024-10-06,TikTok Ads,Display,E-commerce,Australia,93074,4225,4.539398757977523,1.54,6506.5,300,21.688333333333333,11467.08,1.7624037500960579
2024-12-24,Google Ads,Search,Healthcare,Australia,155840,4566,2.9299281314168377,1.12,5113.92,312,16.39076923076923,40138.5,7.848871315937676
2024-07-21,TikTok Ads,Display,E-commerce,India,21956,1611,7.337402076881035,1.4100000000000001,2271.51,79,28.75329113924051,9545.28,4.202173884332448
2024-05-06,Meta Ads,Search,E-commerce,USA,177224,2374,1.3395476910576445,1.5699999999999998,3727.18,142,26.24774647887324,18303.42,4.910795829554784
2024-11-04,Google Ads,Search,EdTech,UAE,93720,2661,2.8393085787451984,1.7,4523.7,104,43.497115384615384,18904.07,4.178895594314389
2024-05-28,Google Ads,Display,EdTech,USA,169909,7781,4.579510208405676,2.5,19452.5,124,156.875,26123.28,1.3429266161161804
2024-08-05,Meta Ads,Video,Healthcare,USA,46548,1047,2.2492910543954627,1.5499999999999998,1622.85,28,57.958928571428565,7800.92,4.806926086822566
2024-12-08,Meta Ads,Search,Healthcare,USA,6875,158,2.2981818181818183,1.8299999999999998,289.14,2,144.57,386.94,1.3382444490558207
2024-12-26,Google Ads,Search,SaaS,India,106975,4300,4.019630754849264,2.39,10277.0,335,30.677611940298508,35904.36,3.4936615743894133
2024-02-08,Google Ads,Shopping,SaaS,UK,10574,389,3.678834878002648,2.59,1007.51,6,167.91833333333332,908.68,0.9019066808269892
2024-07-16,TikTok Ads,Video,Fintech,Australia,147658,6939,4.699372875157459,0.86,5967.54,282,21.161489361702127,39581.75,6.632842008599859
2024-06-02,Meta Ads,Shopping,SaaS,Canada,52013,1565,3.008863168823179,1.03,1611.95,23,70.08478260869565,6481.69,4.021024225317162
2024-10-18,Google Ads,Search,E-commerce,India,49484,1118,2.2593161425915445,2.0500000000000003,2291.9,79,29.011392405063294,18417.53,8.035922160652733
2024-07-04,Google Ads,Search,Healthcare,USA,18877,545,2.8871112994649573,3.2,1744.0,26,67.07692307692308,5981.0,3.42947247706422
2024-04-15,Meta Ads,Shopping,Healthcare,UK,106505,1022,0.9595793624712455,1.7999999999999998,1839.6,27,68.13333333333333,2467.18,1.3411502500543597
2024-05-25,Google Ads,Search,E-commerce,India,65107,1777,2.729353218547929,1.6300000000000001,2896.51,128,22.628984375,29612.56,10.2235310770548
2024-03-02,Google Ads,Shopping,SaaS,India,69839,1620,2.319620842222827,1.26,2041.2,80,25.515,22785.52,11.162806192435822
2024-02-27,Google Ads,Video,SaaS,USA,104794,5920,5.649178388075653,3.66,21667.2,359,60.35431754874652,21837.83,1.007875036922168
2024-04-14,Meta Ads,Video,EdTech,USA,33549,1224,3.648394885093446,0.76,930.24,89,10.452134831460674,26101.34,28.058716030271757
2024-02-17,Google Ads,Video,SaaS,Germany,133027,7808,5.869485142114007,1.26,9838.08,153,64.30117647058823,22193.12,2.2558385376008325
2024-11-12,Meta Ads,Video,EdTech,Germany,27419,1192,4.347350377475473,1.83,2181.36,38,57.404210526315794,5935.39,2.7209584846151027
2024-05-24,Google Ads,Video,Healthcare,Canada,102648,2330,2.269893227340036,2.55,5941.5,157,37.84394904458599,28653.63,4.822625599596062
2024-01-20,Google Ads,Display,E-commerce,Canada,181687,8321,4.579854364924293,3.1399999999999997,26127.94,651,40.13508448540706,189283.47,7.244485022546745
2024-07-22,Google Ads,Display,SaaS,UK,166792,6071,3.639862823156986,3.1500000000000004,19123.65,323,59.20634674922601,23590.83,1.233594528241209
2024-06-26,TikTok Ads,Search,SaaS,USA,7889,416,5.273165166687793,1.0,416.0,16,26.0,2147.95,5.163341346153846
2024-11-14,Meta Ads,Video,E-commerce,India,129746,4891,3.7696730535045395,1.8099999999999998,8852.71,117,75.66418803418803,26101.17,2.9483819079129443
2024-03-17,Google Ads,Display,E-commerce,Germany,94506,3269,3.4590396376949615,1.56,5099.64,193,26.42300518134715,7342.38,1.4397839847518648
2024-05-17,Google Ads,Display,EdTech,Canada,12086,594,4.914777428429588,2.46,1461.24,21,69.58285714285714,3418.15,2.339211902220032
2024-05-07,TikTok Ads,Display,SaaS,UK,145497,4743,3.2598610280624345,0.35,1660.05,313,5.30367412140575,81349.35,49.004156501310206
2024-05-18,Meta Ads,Search,EdTech,UAE,14491,259,1.7873162652680974,1.7,440.3,3,146.76666666666668,260.32,0.5912332500567794
2024-03-13,Meta Ads,Shopping,Fintech,UAE,156043,4478,2.86972180745051,1.3299999999999998,5955.74,193,30.858756476683936,22322.38,3.7480447433904103
2024-07-19,TikTok Ads,Display,Healthcare,UK,115304,3551,3.0796850065912715,1.56,5539.56,232,23.87741379310345,22178.1,4.00358512228408
2024-09-24,TikTok Ads,Shopping,Fintech,UAE,132571,9147,6.899699029199448,1.02,9329.94,502,18.58553784860558,55471.3,5.945515190880113
2024-11-13,Google Ads,Display,E-commerce,UAE,92502,2960,3.1999308123067607,2.06,6097.6,201,30.3363184079602,47885.36,7.853148779847809
2024-11-23,Google Ads,Display,EdTech,USA,133792,6943,5.1893984692657265,2.35,16316.05,186,87.72069892473118,17630.23,1.0805452300035854
2024-12-26,Google Ads,Display,EdTech,UK,77258,3963,5.129565870201144,1.7999999999999998,7133.4,135,52.839999999999996,34518.13,4.838944963131185
2024-05-10,Google Ads,Display,EdTech,UAE,74672,2665,3.568941504178273,1.5599999999999998,4157.4,129,32.22790697674418,32318.91,7.773827392120076
2024-04-18,TikTok Ads,Search,Healthcare,Australia,41558,1757,4.227826170653063,1.21,2125.97,72,29.52736111111111,18414.15,8.661528619877046
2024-12-05,Google Ads,Shopping,Healthcare,Australia,134560,5947,4.419589774078478,2.84,16889.48,144,117.28805555555556,23257.77,1.3770566056503812
2024-05-26,TikTok Ads,Search,E-commerce,Canada,143518,10491,7.309884474421327,0.8500000000000001,8917.35,313,28.489936102236424,46285.52,5.1905016624894165
2024-10-09,Meta Ads,Video,Fintech,UK,7402,91,1.2293974601459066,2.08,189.28,6,31.546666666666667,1105.17,5.838810228233306
2024-09-25,Google Ads,Shopping,EdTech,Australia,49225,2367,4.808532249873032,1.8399999999999999,4355.28,137,31.79036496350365,8811.53,2.023183354457119
2024-07-28,Google Ads,Video,Healthcare,India,173678,11428,6.579992860350764,2.1100000000000003,24113.08,310,77.78412903225806,83080.36,3.4454478648103017
2024-03-07,Meta Ads,Display,Healthcare,Australia,92793,1261,1.3589387130494757,0.37,466.57,80,5.832125,13024.34,27.91508240992777
2024-08-09,TikTok Ads,Video,SaaS,UK,122408,6671,5.449807202143651,1.17,7805.07,293,26.638464163822526,67215.82,8.611815140671386
2024-07-04,TikTok Ads,Search,E-commerce,UAE,162826,7815,4.799602029159962,1.6400000000000001,12816.6,120,106.805,13520.75,1.0549404678307819
2024-07-10,Meta Ads,Shopping,Healthcare,India,134614,3190,2.369738660169076,1.78,5678.2,188,30.2031914893617,41736.54,7.3503117185023426
2024-03-18,Google Ads,Shopping,Fintech,India,116451,3388,2.909378193403234,3.39,11485.32,188,61.092127659574466,28791.61,2.5068182688858474
2024-02-13,Google Ads,Search,E-commerce,Germany,188276,11277,5.98961099662198,2.48,27966.96,554,50.48187725631769,89376.47,3.195787815336383
2024-07-14,Meta Ads,Search,Fintech,Australia,165552,4337,2.619720691988016,2.2199999999999998,9628.14,132,72.94045454545454,21448.35,2.2276732577631817
2024-08-18,Meta Ads,Video,EdTech,UK,82271,3397,4.129036963206962,0.52,1766.44,36,49.06777777777778,6412.73,3.630312945811915
2024-12-30,TikTok Ads,Search,Fintech,Germany,61921,3814,6.159461249010836,0.31,1182.34,50,23.6468,8842.35,7.4786863338802725
2024-09-26,Google Ads,Shopping,E-commerce,Canada,161089,6540,4.0598675266467605,2.1,13734.0,285,48.189473684210526,49746.79,3.622163244502694
2024-09-13,Google Ads,Shopping,Healthcare,USA,85618,2679,3.1290149267677356,0.9199999999999999,2464.68,74,33.306486486486484,6024.46,2.4443173150266975
2024-12-12,Meta Ads,Search,Healthcare,Australia,30457,606,1.9896903831631478,0.5800000000000001,351.48,34,10.33764705882353,4981.94,14.174177762603845
2024-01-25,TikTok Ads,Search,E-commerce,India,46420,1880,4.049978457561395,1.9,3572.0,113,31.61061946902655,5769.59,1.6152267637178053
2024-08-21,Google Ads,Search,E-commerce,UK,180746,5024,2.7795912495988846,1.28,6430.72,64,100.48,17709.21,2.7538456036027066
2024-06-26,TikTok Ads,Search,SaaS,Germany,131244,5604,4.269909481576301,0.38,2129.52,229,9.299213973799127,65541.49,30.777588376723397
2024-03-01,Google Ads,Search,E-commerce,Germany,86678,2158,2.4896744271902906,1.45,3129.1,163,19.196932515337423,27708.88,8.855223546706721
2024-11-03,Google Ads,Display,EdTech,Canada,70226,4037,5.74858314584342,2.16,8719.92,240,36.333,68153.47,7.815836613179938
2024-12-01,Google Ads,Search,Fintech,Germany,124119,6416,5.169232752439192,2.55,16360.8,358,45.700558659217876,48445.72,2.9610850325167477
2024-05-16,Google Ads,Shopping,Healthcare,UAE,126292,5165,4.089728565546511,1.49,7695.85,110,69.96227272727273,14074.18,1.8288012370303475
2024-02-23,Google Ads,Video,E-commerce,Canada,189935,10161,5.3497249058888565,1.49,15139.89,615,24.61770731707317,31748.86,2.0970337300997564
2024-04-16,Google Ads,Display,EdTech,UAE,103066,2380,2.309199930141851,2.4899999999999998,5926.2,121,48.97685950413223,20395.26,3.4415409537308896
2024-03-30,Meta Ads,Shopping,E-commerce,USA,11083,193,1.7414057565641072,0.83,160.19,11,14.562727272727273,912.82,5.69835819963793
2024-04-25,Meta Ads,Display,EdTech,UAE,6074,128,2.107342772472835,1.51,193.28,5,38.656,1253.71,6.486496274834437
2024-10-11,TikTok Ads,Video,Healthcare,Canada,54752,2814,5.139538281706605,0.86,2420.04,137,17.664525547445255,13580.22,5.611568403828036
2024-02-10,Meta Ads,Video,Healthcare,UK,141313,4762,3.3698244322886075,1.05,5000.1,207,24.155072463768118,26737.15,5.347323053538929
2024-11-28,TikTok Ads,Display,EdTech,USA,34669,1965,5.667887738325305,1.61,3163.65,74,42.752027027027026,12153.4,3.8415753955083525
2024-03-17,Meta Ads,Display,E-commerce,Australia,104714,1015,0.9693068739614569,0.93,943.95,78,12.101923076923077,20952.03,22.19612267598919
2024-05-30,TikTok Ads,Video,Healthcare,UAE,109733,6616,6.029179918529522,0.91,6020.56,516,11.667751937984496,53965.61,8.963553224284784
2024-09-16,TikTok Ads,Display,SaaS,USA,67502,5859,8.679742822434891,0.48000000000000004,2812.32,395,7.119797468354431,42271.31,15.030761079820218
2024-04-24,Google Ads,Display,E-commerce,Canada,129121,4893,3.789468792837726,2.56,12526.08,137,91.43124087591241,7241.16,0.5780866799509503
2024-03-25,Google Ads,Video,Fintech,USA,173102,4414,2.5499416528982914,3.4,15007.6,341,44.01055718475074,52487.34,3.4973839921106635
2024-03-27,Google Ads,Shopping,EdTech,Canada,140607,6397,4.549560121473326,1.43,9147.71,393,23.27661577608142,82224.93,8.98858074862452
2024-01-11,Google Ads,Search,Healthcare,Germany,48351,2156,4.459059791938119,3.16,6812.96,83,82.08385542168675,7504.87,1.101557913153754
2024-04-06,TikTok Ads,Video,Fintech,Germany,118135,8151,6.899733355906379,0.69,5624.19,428,13.140630841121494,64189.34,11.413081705987885
2024-06-25,TikTok Ads,Search,Fintech,UK,20185,878,4.349764676740154,0.6100000000000001,535.58,27,19.836296296296297,7476.28,13.959221778259082
2024-11-29,TikTok Ads,Video,E-commerce,Australia,50802,3617,7.119798433132554,0.42000000000000004,1519.14,279,5.44494623655914,22644.29,14.905992864383796
2024-08-14,Meta Ads,Shopping,E-commerce,Canada,34048,694,2.038298872180451,1.45,1006.3,49,20.53673469387755,12555.06,12.47645831263043
2024-02-23,TikTok Ads,Video,SaaS,UAE,56672,2397,4.229601919819311,0.48,1150.56,138,8.337391304347825,33165.74,28.825737032401612
2024-05-15,Google Ads,Video,Fintech,UAE,128962,7337,5.689272809044525,1.35,9904.95,226,43.827212389380534,26098.81,2.6349259713577555
2024-09-22,Meta Ads,Video,Healthcare,UK,15532,593,3.8179242853463817,1.43,847.99,45,18.84422222222222,2243.79,2.646009976532742
2024-08-15,Google Ads,Video,Fintech,Australia,154666,5939,3.8398872408932796,1.28,7601.92,366,20.770273224043716,24965.13,3.2840558700959757
2024-08-22,TikTok Ads,Video,E-commerce,USA,9722,455,4.680106973873689,1.21,550.55,29,18.98448275862069,3533.89,6.418835709744801
2024-08-10,Google Ads,Display,Fintech,Australia,24464,511,2.0887835186396337,1.12,572.32,20,28.616000000000003,5921.83,10.347061084707855
2024-02-09,Meta Ads,Video,E-commerce,India,170413,3936,2.309682946723548,0.71,2794.56,63,44.35809523809524,12671.79,4.534449072483683
2024-03-12,TikTok Ads,Video,Fintech,Germany,109205,4499,4.119774735589029,0.84,3779.16,49,77.12571428571428,13660.38,3.61466040072397
2024-08-20,Google Ads,Shopping,E-commerce,Germany,161926,5424,3.349678248088633,3.29,17844.96,87,205.11448275862068,11807.21,0.6616551676215581
2024-10-14,Meta Ads,Search,E-commerce,UK,125725,1646,1.3092066017100814,0.8099999999999999,1333.26,19,70.17157894736842,2319.58,1.7397806879378366
2024-05-17,TikTok Ads,Video,Healthcare,UAE,116301,4198,3.6095992295853003,1.4500000000000002,6087.1,212,28.712735849056607,37780.9,6.206715841698017
2024-12-12,Google Ads,Shopping,SaaS,Canada,88251,2665,3.0197958096792106,1.29,3437.85,151,22.767218543046358,17509.21,5.093069796529808
2024-10-12,Google Ads,Video,EdTech,Germany,185378,3244,1.7499379645912676,1.82,5904.08,246,24.000325203252032,67552.8,11.44171488191217
2024-08-13,Meta Ads,Shopping,SaaS,USA,177905,5532,3.109524746353391,0.98,5421.36,370,14.652324324324324,14673.05,2.706525668835864
2024-08-16,Meta Ads,Video,E-commerce,Canada,122845,2714,2.209288127314909,0.5700000000000001,1546.98,143,10.818041958041958,36419.79,23.542508629717254
2024-06-17,Meta Ads,Video,Healthcare,Germany,36017,1210,3.3595246689063494,1.01,1222.1,28,43.646428571428565,1258.31,1.0296293265690206
2024-05-13,Google Ads,Search,EdTech,USA,71267,3962,5.5593753069443075,0.9299999999999999,3684.66,287,12.838536585365853,50107.59,13.598972496783963
2024-01-04,Meta Ads,Display,EdTech,India,97152,1156,1.1898880105401843,0.54,624.24,43,14.51720930232558,4965.75,7.9548731257208765
2024-09-03,Meta Ads,Shopping,E-commerce,USA,33834,906,2.677779748182302,0.88,797.28,23,34.66434782608695,2361.23,2.9616069636765
2024-12-14,TikTok Ads,Shopping,E-commerce,Canada,183775,7093,3.8596109372874436,1.0,7093.0,373,19.01608579088472,88634.0,12.495981954039193
2024-08-31,Meta Ads,Search,Fintech,UAE,199405,5204,2.6097640480429276,0.9600000000000001,4995.84,333,15.002522522522524,25169.83,5.038157747245709
2024-03-19,TikTok Ads,Search,Healthcare,Germany,169512,9475,5.589574779366653,1.41,13359.75,203,65.8115763546798,26995.02,2.0206231404030763
2024-11-06,Google Ads,Display,EdTech,India,14884,541,3.634775597957538,3.25,1758.25,43,40.88953488372093,4123.58,2.345275131522821
2024-11-19,TikTok Ads,Shopping,Healthcare,Germany,47623,1695,3.559204586019361,1.85,3135.75,36,87.10416666666667,9884.86,3.1523112493024
2024-11-24,Meta Ads,Search,E-commerce,USA,102780,1952,1.8992021794123368,1.2,2342.4,63,37.180952380952384,16160.9,6.899291325136612
2024-02-10,Google Ads,Shopping,Healthcare,Australia,167717,4142,2.469636351711514,1.73,7165.66,71,100.92478873239436,15937.54,2.224155206917437
2024-09-05,Meta Ads,Search,E-commerce,UK,189598,6673,3.519551894007321,1.99,13279.27,170,78.11335294117647,36177.68,2.7243726500025978
2024-01-21,TikTok Ads,Display,SaaS,Germany,92273,6237,6.759290366629458,1.41,8794.17,291,30.220515463917526,72065.02,8.194635764375718
2024-09-05,Google Ads,Display,Fintech,UK,118884,5932,4.989737895763938,2.95,17499.4,450,38.88755555555556,121374.91,6.93594694675246
2024-04-04,Google Ads,Search,Healthcare,Australia,84303,4417,5.2394339465973925,3.12,13781.04,100,137.81040000000002,20354.89,1.4770213278533404
2024-01-04,Google Ads,Video,EdTech,Germany,89730,4621,5.149894126824919,2.68,12384.28,277,44.708592057761734,13483.54,1.0887625279790185
2024-11-30,Google Ads,Search,SaaS,UK,174737,5207,2.9799069458672176,1.44,7498.08,398,18.839396984924623,90351.24,12.049916778695346
2024-09-10,Google Ads,Shopping,Healthcare,Germany,145508,7158,4.919317150947027,1.4400000000000002,10307.52,566,18.21116607773852,76404.29,7.412480402657477
2024-04-24,Google Ads,Shopping,EdTech,Australia,75649,1792,2.368835014342556,2.7800000000000002,4981.76,110,45.28872727272727,12588.99,2.5270165563977387
2024-03-25,TikTok Ads,Display,E-commerce,UK,85522,3378,3.9498608545169662,0.35,1182.3,167,7.079640718562874,30312.31,25.638425103611606
2024-11-19,Meta Ads,Shopping,Healthcare,Canada,19588,434,2.2156422299366962,1.7699999999999998,768.18,5,153.636,560.03,0.7290348616209743
2024-11-02,TikTok Ads,Video,E-commerce,Canada,92985,8024,8.629348819702102,0.85,6820.4,520,13.116153846153846,150774.99,22.106473227376693
2024-03-21,Google Ads,Video,E-commerce,USA,134198,2670,1.9895974604688595,3.15,8410.5,71,118.45774647887323,14769.75,1.7561084358837167
2024-12-06,TikTok Ads,Search,E-commerce,Canada,25951,809,3.1174135871450037,0.48,388.32,61,6.365901639344262,10397.04,26.77441285537701
2024-10-19,Google Ads,Shopping,E-commerce,UK,55385,1678,3.029701182630676,1.4400000000000002,2416.32,64,37.755,18110.48,7.495066878559131
2024-01-01,Google Ads,Search,SaaS,India,21702,1000,4.607870242373975,3.17,3170.0,17,186.47058823529412,3670.88,1.158006309148265
2024-02-27,TikTok Ads,Search,SaaS,UAE,195972,13796,7.039781193231686,0.5,6898.0,645,10.694573643410854,54701.33,7.930027544215715
2024-09-12,Meta Ads,Search,Healthcare,UAE,73447,2401,3.2690239220117907,1.44,3457.44,93,37.17677419354839,11150.38,3.2250393354620757
2024-10-17,Meta Ads,Search,Healthcare,UAE,55867,1681,3.008931927613797,1.98,3328.38,32,104.011875,3790.94,1.1389745161309706
2024-05-19,Google Ads,Display,Fintech,UK,64567,1439,2.228692675825112,2.29,3295.31,64,51.48921875,4231.38,1.2840612871019723
2024-07-02,TikTok Ads,Shopping,SaaS,Canada,97254,3374,3.46926604561252,1.6500000000000001,5567.1,63,88.36666666666667,17255.15,3.09948626753606
2024-01-20,Meta Ads,Shopping,Healthcare,UK,147897,2144,1.449657531931006,1.94,4159.36,24,173.30666666666664,3826.61,0.9199997114940761
2024-09-13,Meta Ads,Display,Healthcare,Germany,115379,5134,4.449683217916605,2.41,12372.94,391,31.644347826086957,109895.16,8.881895491289864
2024-03-03,Google Ads,Search,Fintech,UK,51566,1531,2.9690105883721833,1.3900000000000001,2128.09,112,19.000803571428573,6716.48,3.1561071195297186
2024-06-18,Google Ads,Search,Healthcare,UAE,184889,6212,3.3598537500878907,2.17,13480.04,73,184.65808219178084,2434.91,0.18063076964163308
2024-04-17,TikTok Ads,Shopping,EdTech,Australia,100028,7402,7.399928020154357,0.73,5403.46,100,54.0346,7280.48,1.3473737198017566
2024-07-31,TikTok Ads,Search,EdTech,India,29741,1287,4.327359537339027,1.23,1583.01,55,28.782,6012.36,3.7980556029336516
2024-03-12,Google Ads,Shopping,Fintech,Australia,155033,5782,3.7295285519857067,2.17,12546.94,248,50.5925,71470.23,5.696227924896428
2024-08-15,TikTok Ads,Shopping,Fintech,Canada,13562,790,5.825099542840289,1.1800000000000002,932.2,40,23.305,7014.55,7.52472645355074
2024-01-18,Meta Ads,Shopping,Healthcare,UAE,84830,2612,3.0790993752210305,1.98,5171.76,84,61.56857142857143,6284.59,1.2151743313688184
2024-05-21,Meta Ads,Shopping,Healthcare,Germany,119427,1146,0.9595820040694316,1.9300000000000002,2211.78,27,81.91777777777779,5094.36,2.3032851368580958
2024-08-15,Google Ads,Shopping,EdTech,India,175623,9483,5.399634444235664,0.97,9198.51,268,34.322798507462686,79311.56,8.622218163593885
2024-07-25,Google Ads,Search,SaaS,Australia,93919,4968,5.289664498131368,2.55,12668.4,308,41.13116883116883,66254.75,5.229922484291623
2024-11-04,TikTok Ads,Display,Fintech,UAE,46190,3030,6.5598614418705345,0.42,1272.6,183,6.954098360655737,38945.83,30.603355335533557
2024-10-29,Meta Ads,Display,Healthcare,Australia,152996,3136,2.0497267902428824,1.7899999999999998,5613.44,82,68.45658536585366,6472.17,1.1529774968646678
2024-06-03,TikTok Ads,Shopping,E-commerce,UAE,62600,3142,5.019169329073483,0.7100000000000001,2230.82,245,9.105387755102042,17495.08,7.842443585766669
2024-02-29,Meta Ads,Search,E-commerce,UAE,36127,610,1.6884878345835526,1.11,677.1,45,15.046666666666667,6906.4,10.199970462265544
2024-04-28,TikTok Ads,Video,EdTech,India,110940,6512,5.8698395529114835,1.41,9181.92,108,85.01777777777778,14612.87,1.5914830449404918
2024-04-01,Meta Ads,Search,E-commerce,UK,91332,3762,4.1190382341348055,0.65,2445.3,125,19.5624,31285.11,12.793976199239356
2024-08-27,TikTok Ads,Video,EdTech,UAE,149526,4321,2.889798429704533,0.78,3370.38,120,28.0865,25118.55,7.4527352998771645
2024-04-29,Meta Ads,Search,Healthcare,USA,77746,2861,3.6799320865382144,1.04,2975.44,82,36.28585365853659,21523.93,7.2338645712902965
2024-04-17,Google Ads,Video,Healthcare,UK,105804,3110,2.93939737628067,0.97,3016.7,200,15.083499999999999,49067.29,16.26522027380913
2024-09-15,Meta Ads,Video,Fintech,Germany,37599,1225,3.2580653740790977,1.3,1592.5,73,21.815068493150687,19164.89,12.034467817896388
2024-04-14,Google Ads,Shopping,E-commerce,India,9791,519,5.300786436523338,3.95,2050.05,40,51.251250000000006,2255.24,1.1000902417014218
2024-02-29,Google Ads,Search,Healthcare,USA,34802,1708,4.9077639216137,2.9,4953.2,72,68.79444444444444,6827.25,1.3783513688120812
2024-10-17,TikTok Ads,Display,Healthcare,India,81394,5192,6.3788485637762005,0.94,4880.48,253,19.290434782608695,41499.01,8.503059125331935
2024-09-06,Google Ads,Shopping,E-commerce,Germany,101299,3504,3.4590667232647907,1.8,6307.2,250,25.2288,36776.35,5.830852042110604
2024-08-30,Meta Ads,Video,Healthcare,Germany,140431,1544,1.0994723387286283,0.52,802.88,74,10.849729729729729,2904.54,3.6176514547628535
2024-06-04,Google Ads,Video,SaaS,Canada,113368,5260,4.639757250723308,1.31,6890.6,168,41.01547619047619,8983.58,1.3037442312715872
2024-06-18,Google Ads,Display,E-commerce,Germany,89263,3695,4.139453076862754,1.7699999999999998,6540.15,155,42.19451612903226,19291.23,2.949661705006766
2024-08-01,Meta Ads,Display,E-commerce,USA,168947,4510,2.6694762262721445,1.94,8749.4,179,48.87932960893855,48341.14,5.525080576953848
2024-06-13,TikTok Ads,Search,EdTech,UAE,139511,8384,6.009561970023869,1.3499999999999999,11318.4,209,54.15502392344497,26357.3,2.3287125388747527
2024-09-12,Google Ads,Search,Fintech,UK,25927,1501,5.7893315848343425,1.01,1516.01,44,34.454772727272726,4091.03,2.6985508011160877
2024-11-20,Meta Ads,Shopping,E-commerce,Germany,165322,4529,2.73950230459346,1.73,7835.17,167,46.917185628742516,38358.92,4.895735510524979
2024-12-13,Meta Ads,Video,Healthcare,India,149542,2497,1.6697650158483905,1.04,2596.88,70,37.098285714285716,12612.87,4.856932164751548
2024-09-17,Meta Ads,Video,Healthcare,UK,20021,462,2.307577044103691,1.57,725.34,20,36.267,4554.08,6.278545233959246
2024-01-16,Google Ads,Shopping,SaaS,UAE,31783,781,2.457288487556241,1.1600000000000001,905.96,49,18.488979591836735,4886.84,5.394101284824937
2024-01-14,Meta Ads,Display,EdTech,India,171020,2616,1.5296456554788915,0.44,1151.04,41,28.074146341463415,9636.88,8.372324159021407
2024-01-24,Google Ads,Shopping,Fintech,Australia,31325,858,2.7390263367917003,2.12,1818.96,43,42.30139534883721,2004.67,1.1020968025685007
2024-12-30,Meta Ads,Display,SaaS,Australia,49134,1026,2.088167053364269,0.7999999999999999,820.8,16,51.3,1025.05,1.2488425925925926
2024-04-30,Google Ads,Display,SaaS,India,114599,2028,1.769648949816316,2.43,4928.04,29,169.93241379310345,5366.72,1.0890171346011803
2024-10-08,Meta Ads,Video,Fintech,UK,198581,1985,0.9995921059920133,1.76,3493.6,38,91.93684210526315,8029.71,2.2984056560567896
2024-07-21,Google Ads,Video,SaaS,Canada,157890,9204,5.829374881246437,3.37,31017.48,321,96.62766355140187,10260.33,0.3307918631687681
2024-04-04,Google Ads,Search,EdTech,Germany,161215,5948,3.6894829885556555,2.27,13501.96,439,30.756173120728928,105685.25,7.827400614429313
2024-01-30,TikTok Ads,Video,Fintech,India,48147,3562,7.398176418053046,0.42,1496.04,163,9.178159509202453,41382.29,27.661218951364937
2024-04-04,Meta Ads,Video,EdTech,USA,90818,3287,3.619326565218349,0.7999999999999999,2629.6,123,21.378861788617886,11242.68,4.275433526011561
2024-06-28,Google Ads,Video,SaaS,India,118415,6500,5.489169446438374,1.74,11310.0,458,24.694323144104803,110383.15,9.759783377541998
2024-11-13,TikTok Ads,Shopping,SaaS,Germany,113886,4965,4.359622780675412,1.34,6653.1,141,47.185106382978724,24007.44,3.60845921450151
2024-03-29,Meta Ads,Display,Healthcare,USA,113668,2864,2.5196185381989653,1.5699999999999998,4496.48,81,55.51209876543209,6109.21,1.358665000177917
2024-06-21,Meta Ads,Shopping,Healthcare,Australia,76880,1798,2.338709677419355,1.18,2121.64,91,23.314725274725273,8926.11,4.207174638487208
2024-09-28,Google Ads,Search,EdTech,Australia,138438,4734,3.4195813288259007,3.54,16758.36,191,87.74010471204188,38220.88,2.2807052718762453
2024-11-10,Google Ads,Search,E-commerce,Germany,34764,1251,3.598550224370038,0.83,1038.33,83,12.51,3361.16,3.23708262305818
2024-03-27,Meta Ads,Video,Fintech,Canada,61387,1608,2.6194471142098488,2.09,3360.72,96,35.0075,12312.27,3.6635810183532103
2024-11-01,TikTok Ads,Shopping,SaaS,UAE,139607,10289,7.369974284957058,0.91,9362.99,580,16.14308620689655,94107.07,10.050963420873034
2024-02-03,Meta Ads,Shopping,EdTech,UK,48271,1182,2.4486751880010775,1.94,2293.08,30,76.43599999999999,2529.5,1.1031015053988522
2024-11-21,TikTok Ads,Search,EdTech,Australia,181833,10018,5.509450979745151,0.48000000000000004,4808.64,686,7.009679300291546,153650.81,31.95306989086311
2024-05-20,Meta Ads,Video,E-commerce,USA,83678,2761,3.299553048591027,1.6600000000000001,4583.26,35,130.9502857142857,4630.48,1.01030271029791
2024-04-25,Google Ads,Search,SaaS,Australia,32898,1743,5.298194419113624,1.17,2039.31,130,15.687,31968.71,15.676238531660218
2024-09-03,Meta Ads,Search,Healthcare,Germany,36153,882,2.439631565845158,1.68,1481.76,62,23.899354838709677,16744.05,11.300109329446064
2024-06-14,Meta Ads,Search,Healthcare,USA,140372,4548,3.2399623856609576,1.44,6549.12,125,52.39296,23552.19,3.5962373570800352
2024-01-27,TikTok Ads,Video,SaaS,UAE,196889,9568,4.85959093702543,0.9299999999999999,8898.24,137,64.95065693430656,34964.66,3.9293905311612187
2024-02-11,TikTok Ads,Display,EdTech,UK,77467,3300,4.2598783998347685,1.01,3333.0,180,18.516666666666666,42781.66,12.835781578157818
2024-02-11,Google Ads,Shopping,Fintech,UAE,29016,1088,3.7496553625585882,2.06,2241.28,56,40.02285714285715,9936.27,4.433301506282124
2024-07-11,Meta Ads,Shopping,Healthcare,Canada,117200,1699,1.4496587030716723,1.94,3296.06,113,29.16867256637168,30970.48,9.39621244758894
2024-05-05,Google Ads,Shopping,SaaS,Germany,134157,3407,2.539561856630664,2.41,8210.87,147,55.856258503401364,41434.67,5.046319086771559
2024-03-26,Google Ads,Display,Fintech,India,161434,6328,3.9198681814239875,0.77,4872.56,263,18.52684410646388,25426.86,5.218378018946919
2024-07-14,TikTok Ads,Shopping,SaaS,Canada,62888,3307,5.258554891235212,0.61,2017.27,55,36.67763636363636,12898.32,6.39394825680251
2024-05-13,Google Ads,Video,SaaS,Canada,108187,2423,2.2396406222559087,2.67,6469.41,179,36.14195530726257,29012.87,4.484623791041223
2024-08-19,Meta Ads,Search,E-commerce,Canada,199363,3847,1.9296459222624056,0.9,3462.3,73,47.42876712328767,11133.49,3.2156341160500244
2024-04-29,Meta Ads,Video,SaaS,Australia,59160,958,1.6193373901284651,1.0,958.0,35,27.37142857142857,7848.99,8.193100208768268
2024-11-21,Google Ads,Shopping,E-commerce,Australia,78551,2411,3.069343483851256,3.3800000000000003,8149.18,92,88.57804347826087,8262.09,1.0138553817684723
2024-10-03,Meta Ads,Display,SaaS,USA,186711,7748,4.149728725142064,0.5800000000000001,4493.84,536,8.384029850746268,89187.58,19.846630053584462
2024-10-04,Meta Ads,Shopping,SaaS,UK,5528,108,1.9536903039073805,2.02,218.16,7,31.165714285714284,2000.84,9.171433810047672
2024-12-07,Google Ads,Shopping,SaaS,Canada,144535,7588,5.2499394610302,3.1,23522.8,445,52.86022471910112,105358.98,4.479015253286174
2024-08-08,Meta Ads,Search,E-commerce,UAE,8188,272,3.321934538348803,1.16,315.52,14,22.537142857142857,3745.84,11.871957403651116
2024-08-05,Google Ads,Display,Fintech,Canada,71151,4368,6.139056373065734,3.23,14108.64,202,69.84475247524752,51341.85,3.639036080019052
2024-03-06,Meta Ads,Shopping,EdTech,Germany,171797,5153,2.999470305069355,0.5399999999999999,2782.62,255,10.912235294117647,52673.17,18.929343568291753
2024-02-18,TikTok Ads,Search,EdTech,Australia,173050,8565,4.949436579023404,0.6900000000000001,5909.85,414,14.275,118511.79,20.053265311302315
2024-09-04,TikTok Ads,Video,E-commerce,Canada,178269,8646,4.849973915823839,0.63,5446.98,93,58.56967741935483,10627.54,1.9510884930732262
2024-12-21,Google Ads,Display,E-commerce,UAE,164028,5905,3.5999951227839153,1.0,5905.0,377,15.6631299734748,25718.59,4.3553920406435225
2024-02-01,TikTok Ads,Video,Healthcare,Australia,184504,15479,8.38952001040628,0.8,12383.2,538,23.017100371747212,112251.74,9.064841075004844
2024-10-19,TikTok Ads,Shopping,Healthcare,India,119515,6824,5.709743546835125,0.8600000000000001,5868.64,89,65.93977528089889,25992.88,4.4291147523105865
2024-10-18,Meta Ads,Search,EdTech,USA,108591,2084,1.9191277361843986,2.1599999999999997,4501.44,31,145.20774193548385,6469.19,1.4371378936518093
2024-05-11,Meta Ads,Shopping,EdTech,UK,68472,2601,3.79863301787592,1.3800000000000001,3589.38,63,56.97428571428571,17508.47,4.87785355688169
2024-09-21,TikTok Ads,Shopping,Fintech,USA,170201,7931,4.659784607611002,1.0499999999999998,8327.55,182,45.755769230769225,10360.55,1.24412942582152
2024-03-09,Google Ads,Video,EdTech,Australia,92340,2502,2.709551656920078,1.96,4903.92,153,32.051764705882356,27593.24,5.626772051746358
2024-04-11,TikTok Ads,Search,SaaS,USA,136940,4683,3.4197458741054474,0.69,3231.27,137,23.585912408759125,12153.39,3.7611805884373637
2024-12-24,Google Ads,Search,EdTech,Australia,106311,5762,5.419947136232374,0.92,5301.04,434,12.214377880184331,55571.88,10.483203295957018
2024-03-15,TikTok Ads,Shopping,E-commerce,Canada,120016,3336,2.7796293827489666,1.33,4436.88,43,103.1832558139535,5864.19,1.321692270243955
2024-10-22,Meta Ads,Display,SaaS,Germany,193946,7854,4.04958081115362,1.89,14844.06,461,32.19969631236442,86871.54,5.852276264040969
2024-09-24,TikTok Ads,Shopping,E-commerce,Australia,138780,4135,2.9795359561896526,0.85,3514.75,86,40.86918604651163,7373.66,2.097918770894089
2024-07-27,Meta Ads,Display,SaaS,UK,51365,873,1.6996008955514457,0.7000000000000001,611.1,19,32.16315789473684,2655.69,4.345753559155621
2024-03-06,Google Ads,Shopping,Healthcare,UK,185903,4647,2.499690698912874,2.96,13755.12,342,40.21964912280702,58276.63,4.236722762142387
2024-03-01,TikTok Ads,Display,SaaS,Australia,61232,2951,4.8193754899399,0.75,2213.25,51,43.39705882352941,15061.62,6.805205015249069
2024-10-06,TikTok Ads,Display,SaaS,USA,122286,7642,6.2492844642886345,1.47,11233.74,201,55.88925373134328,60002.91,5.341311976242997
2024-03-06,TikTok Ads,Shopping,Healthcare,UK,60114,4917,8.17945902784709,1.3499999999999999,6637.95,279,23.79193548387097,15410.94,2.3216414706347592
2024-02-04,Meta Ads,Display,Healthcare,Australia,124004,2083,1.6797845230799007,1.51,3145.33,49,64.1904081632653,9959.37,3.1663990741829955
2024-02-05,TikTok Ads,Search,E-commerce,UK,168322,4965,2.9497035443970487,0.9099999999999999,4518.15,228,19.816447368421052,49052.14,10.856686918318339
2024-05-09,Meta Ads,Display,Healthcare,Germany,113957,3008,2.639592126854866,2.33,7008.64,127,55.18614173228347,17960.45,2.5626155716372936
2024-02-04,Google Ads,Search,SaaS,USA,137290,5011,3.649938087260543,1.56,7817.16,323,24.20173374613003,28440.57,3.6382228328446646
2024-05-21,Meta Ads,Video,Fintech,UAE,12253,468,3.8194727821757937,0.77,360.36,9,40.04,1433.96,3.9792429792429793
2024-12-21,Google Ads,Video,EdTech,Australia,109216,5777,5.289518019337826,3.0599999999999996,17677.62,140,126.26871428571428,11237.04,0.6356647557759473
2024-03-03,Google Ads,Shopping,Fintech,Canada,166215,9158,5.5097313720181695,0.72,6593.76,112,58.87285714285714,29121.09,4.416461927640678
2024-11-29,Meta Ads,Shopping,SaaS,India,140678,5655,4.019818308477515,2.0700000000000003,11705.85,154,76.012012987013,7932.09,0.6776176014556824
2024-07-19,Google Ads,Search,E-commerce,UAE,176066,5264,2.9897879204389266,1.58,8317.12,119,69.89176470588237,28182.41,3.388481830248932
2024-04-29,Google Ads,Search,Healthcare,Canada,59418,1996,3.3592514052980573,1.6500000000000001,3293.4,80,41.167500000000004,3528.5,1.0713851946316877
2024-01-27,Google Ads,Search,EdTech,UAE,143183,5784,4.039585705006879,0.86,4974.24,432,11.514444444444443,88233.11,17.738008218340894
2024-07-19,Meta Ads,Shopping,E-commerce,India,194059,3434,1.769564926130713,1.3599999999999999,4670.24,193,24.198134715025905,7460.79,1.5975174723354688
2024-08-02,Google Ads,Shopping,SaaS,UAE,98899,2185,2.20932466455677,3.16,6904.6,171,40.37777777777778,45859.64,6.641896706543464
2024-02-25,Meta Ads,Search,E-commerce,UK,129494,1631,1.259517815497243,2.14,3490.34,108,32.317962962962966,28288.04,8.10466602107531
2024-03-03,TikTok Ads,Shopping,SaaS,UAE,191443,6872,3.589580188358937,1.67,11476.24,422,27.194881516587678,108198.8,9.428070517869966
2024-12-30,TikTok Ads,Search,SaaS,Australia,61950,4076,6.579499596448748,0.3,1222.8,97,12.606185567010309,26763.8,21.88730781812234
2024-11-08,Google Ads,Shopping,SaaS,UK,34605,809,2.3378124548475654,1.76,1423.84,40,35.596,5146.88,3.6147881784470166
2024-01-31,TikTok Ads,Shopping,Fintech,UAE,127790,7015,5.489474919790281,1.2300000000000002,8628.45,422,20.446563981042654,90118.48,10.444341683616408
2024-01-09,TikTok Ads,Search,Healthcare,Germany,96310,6905,7.169556640016612,1.28,8838.4,247,35.782995951417,8632.99,0.976759368211441
2024-09-05,Google Ads,Shopping,Fintech,India,197589,4781,2.4196691111347293,1.6,7649.6,225,33.998222222222225,12329.91,1.61183722024681
2024-02-17,Meta Ads,Video,E-commerce,USA,118566,3711,3.129902332877891,1.1300000000000001,4193.43,58,72.30051724137931,14643.53,3.4920172746415226
2024-09-25,Meta Ads,Shopping,Healthcare,Germany,199451,3989,1.9999899724744423,1.28,5105.92,110,46.41745454545455,8236.16,1.6130609175231887
2024-10-23,Google Ads,Display,SaaS,UAE,88251,5965,6.759130208156281,0.8200000000000001,4891.3,133,36.77669172932331,14897.06,3.045623862776767
2024-01-15,Google Ads,Display,Fintech,Canada,55406,2648,4.779265783489152,1.9,5031.2,149,33.76644295302013,22127.3,4.398016377802512
2024-02-16,TikTok Ads,Display,Fintech,Australia,141447,9873,6.979999575812848,1.39,13723.47,588,23.33923469387755,86774.51,6.323073537523673
2024-02-06,Google Ads,Video,EdTech,UK,73591,2649,3.599624954138414,2.83,7496.67,161,46.56316770186336,45161.9,6.024261438745469
2024-02-25,Google Ads,Video,Fintech,India,66477,2718,4.088632158490907,2.86,7773.48,160,48.58425,16856.48,2.1684599432943803
2024-08-28,Meta Ads,Video,E-commerce,UAE,196386,6794,3.459513407269357,0.81,5503.14,506,10.875770750988142,34412.06,6.253168191250812
2024-10-28,Google Ads,Display,Fintech,Canada,78927,3172,4.018903543780962,3.1999999999999997,10150.4,62,163.71612903225807,7568.63,0.7456484473518286
2024-12-10,Google Ads,Display,SaaS,Canada,184857,3419,1.8495377508019712,2.57,8786.83,248,35.43076612903226,70137.51,7.982117555477914
2024-08-30,TikTok Ads,Display,EdTech,India,122174,6499,5.319462406076579,0.88,5719.12,413,13.84774818401937,58791.38,10.27979479360461
2024-07-26,Google Ads,Search,SaaS,Germany,108719,4207,3.8696088080280355,3.1999999999999997,13462.4,121,111.2595041322314,21018.47,1.5612721357261707
2024-11-08,Meta Ads,Shopping,Healthcare,Australia,186949,3140,1.6796024584244902,0.6,1884.0,186,10.129032258064516,30294.1,16.079670912951165
2024-09-12,Google Ads,Video,E-commerce,UK,193869,13124,6.769519624076051,2.93,38453.32,264,145.65651515151515,67604.89,1.7581028114087418
2024-07-28,Google Ads,Search,EdTech,Australia,158535,3836,2.419654965780427,2.16,8285.76,120,69.048,12930.51,1.560570183061059
2024-12-14,TikTok Ads,Search,EdTech,UAE,148949,12332,8.279343936515184,1.01,12455.32,546,22.811941391941392,95805.85,7.691962149507199
2024-07-19,Google Ads,Display,Fintech,USA,184810,7447,4.029543855851956,3.12,23234.64,334,69.56479041916168,51289.24,2.207447156487038
2024-07-16,Meta Ads,Video,E-commerce,USA,85989,997,1.159450627405831,1.6900000000000002,1684.93,37,45.53864864864865,4865.84,2.887858842800591
2024-02-16,Meta Ads,Shopping,Fintech,Canada,35755,654,1.829114809117606,1.6,1046.4,40,26.160000000000004,11846.71,11.321397171253821
2024-10-25,Meta Ads,Video,Fintech,UK,184298,7758,4.2094868094065045,1.55,12024.9,351,34.258974358974356,91198.92,7.5841728413541905
2024-03-17,Meta Ads,Video,SaaS,India,22878,619,2.7056560888189525,1.01,625.19,43,14.539302325581396,8615.57,13.780722660311264
2024-11-16,Meta Ads,Search,Fintech,UK,151539,3455,2.2799411372649945,2.05,7082.75,135,52.464814814814815,4666.78,0.6588937912533973
2024-10-26,Google Ads,Display,Healthcare,Australia,180365,6114,3.3897929199123995,3.46,21154.44,400,52.8861,111623.05,5.276577872068464
2024-08-22,Meta Ads,Video,Fintech,Australia,30168,1080,3.579952267303103,0.46,496.8,34,14.611764705882353,5163.27,10.393055555555556
2024-05-12,Google Ads,Display,Fintech,UAE,26352,1697,6.439738919247116,1.71,2901.87,126,23.030714285714286,31980.19,11.020545372466719
2024-01-23,Google Ads,Search,Healthcare,India,57979,2081,3.589230583487125,1.8900000000000001,3933.09,148,26.574932432432433,18788.47,4.777025188846428
2024-10-12,Google Ads,Video,Fintech,Australia,173769,6759,3.8896465997962815,2.8600000000000003,19330.74,158,122.34645569620254,21350.44,1.1044812562788593
2024-09-01,TikTok Ads,Shopping,SaaS,Germany,131206,8279,6.309924850997668,1.53,12666.87,553,22.905732368896928,61485.88,4.8540705004472295
2024-05-20,Meta Ads,Display,EdTech,UK,64799,842,1.2994027685612433,1.75,1473.5,52,28.33653846153846,15157.93,10.287024092297251
2024-01-16,Meta Ads,Shopping,E-commerce,UK,167893,4432,2.639776524333951,0.58,2570.56,66,38.947878787878786,15989.78,6.220348873397237
2024-04-29,Google Ads,Display,EdTech,Australia,72474,4022,5.549576399812346,3.11,12508.42,142,88.08746478873239,38937.53,3.1129055468236593
2024-10-25,Meta Ads,Video,EdTech,Canada,138678,1802,1.2994130287428431,1.9000000000000001,3423.8,61,56.12786885245902,2147.03,0.6270897832817338
2024-07-06,TikTok Ads,Search,Healthcare,UAE,70195,4239,6.038891658950067,1.42,6019.38,234,25.723846153846154,38776.78,6.44198904206081
2024-08-28,Meta Ads,Search,EdTech,USA,73513,2073,2.8199094037789236,2.22,4602.06,31,148.4535483870968,3401.33,0.7390885820697687
2024-06-02,Google Ads,Search,SaaS,Germany,162786,7406,4.5495312864742665,1.4500000000000002,10738.7,513,20.933138401559457,67523.57,6.287871902558038
2024-09-23,Google Ads,Video,Healthcare,USA,133909,5664,4.229738105728517,2.88,16312.32,117,139.42153846153846,11886.29,0.7286694964296925
2024-01-25,Google Ads,Search,E-commerce,Australia,92185,3779,4.099365406519499,1.6199999999999999,6121.98,82,74.65829268292683,11861.33,1.937498979088465
2024-06-16,Meta Ads,Search,E-commerce,Australia,136637,4399,3.2194793503955736,1.3099999999999998,5762.69,254,22.68775590551181,21909.38,3.801936248522826
2024-06-04,Meta Ads,Display,E-commerce,India,56986,1270,2.2286175551889937,0.9299999999999999,1181.1,13,90.85384615384615,3679.26,3.115113030226061
2024-02-20,Meta Ads,Display,SaaS,UK,148859,3840,2.579622327168663,1.8,6912.0,250,27.648,22027.39,3.1868330439814816
2024-08-03,Google Ads,Search,EdTech,USA,151900,5270,3.4693877551020407,1.1099999999999999,5849.7,291,20.1020618556701,47553.46,8.129213463938322
2024-10-08,Meta Ads,Shopping,EdTech,UAE,155555,4588,2.949439105139661,1.5499999999999998,7111.4,332,21.41987951807229,12719.4,1.7885929634108615
2024-10-11,Meta Ads,Display,SaaS,Germany,198979,2089,1.0498595329155338,1.7000000000000002,3551.3,66,53.80757575757576,7694.86,2.16677273111255
2024-12-04,Meta Ads,Search,E-commerce,India,186740,4182,2.2394773481846415,0.56,2341.92,47,49.82808510638298,8643.08,3.6905957504953197
2024-07-04,Google Ads,Shopping,Fintech,Australia,126246,4203,3.3292143909510004,2.05,8616.15,290,29.710862068965515,31939.46,3.706929429037331
2024-02-15,Google Ads,Search,Fintech,Germany,30835,925,2.9998378466028863,1.96,1813.0,14,129.5,3805.56,2.0990402647545503
2024-12-22,TikTok Ads,Video,EdTech,Canada,112938,3263,2.8891958419663886,0.38999999999999996,1272.57,80,15.907124999999999,22895.07,17.99120677055093
2024-12-16,Google Ads,Display,SaaS,Canada,143573,3474,2.419675008532245,1.63,5662.62,131,43.22610687022901,11434.82,2.019351466282392
2024-07-14,TikTok Ads,Display,E-commerce,Canada,113621,10112,8.899763247991128,0.9899999999999999,10010.88,472,21.209491525423726,84899.73,8.480745948408131
2024-08-31,Meta Ads,Search,Healthcare,UK,125155,5256,4.199592505293436,1.07,5623.92,247,22.768906882591093,26802.91,4.765876826128395
2024-06-26,Meta Ads,Shopping,Fintech,USA,52940,1281,2.419720438231961,1.5,1921.5,37,51.932432432432435,8409.06,4.376299765807962
2024-09-01,TikTok Ads,Display,SaaS,USA,106069,3139,2.9593943565037852,0.5,1569.5,78,20.121794871794872,6648.74,4.236215355208665
2024-03-24,Google Ads,Video,EdTech,Canada,185523,6029,3.2497318391789696,1.3800000000000001,8320.02,252,33.015952380952385,12404.91,1.4909711755500588
2024-11-11,TikTok Ads,Shopping,EdTech,India,184969,15407,8.329503862809444,1.34,20645.38,352,58.65164772727273,52669.94,2.5511731922589944
2024-12-24,Google Ads,Video,Healthcare,Canada,118005,5003,4.2396508622516,1.7999999999999998,9005.4,63,142.94285714285715,6740.12,0.748453150332023
2024-09-06,Google Ads,Video,SaaS,India,47176,1278,2.709004578599288,1.43,1827.54,62,29.476451612903226,2278.75,1.2468947328102258
2024-12-10,Meta Ads,Video,Fintech,UK,8512,251,2.948778195488722,0.6399999999999999,160.64,11,14.603636363636362,1671.09,10.402701693227092
2024-06-17,Meta Ads,Shopping,EdTech,Australia,83591,2499,2.989556291945305,1.68,4198.32,84,49.98,18620.43,4.435209798204997
2024-06-25,Google Ads,Search,E-commerce,UAE,88323,3965,4.489204397495556,2.36,9357.4,95,98.49894736842104,8337.4,0.8909953619595187
2024-11-28,Google Ads,Video,Healthcare,Germany,24755,811,3.276105837204605,2.48,2011.28,8,251.41,1786.84,0.8884093711467324
2024-03-04,Google Ads,Video,E-commerce,UAE,99410,4195,4.219897394628307,0.83,3481.85,196,17.76454081632653,56004.19,16.08460732082083
2024-01-12,Meta Ads,Video,SaaS,Australia,176250,6204,3.52,0.65,4032.6,312,12.924999999999999,84311.3,20.907429449982644
2024-01-04,Meta Ads,Shopping,EdTech,UK,184729,2586,1.399888485294675,0.9,2327.4,201,11.57910447761194,16864.93,7.246253329896021
2024-01-16,Google Ads,Search,Healthcare,UK,175381,4226,2.4096110753160263,0.9099999999999999,3845.66,204,18.851274509803922,11471.83,2.9830588247530985
2024-10-29,Google Ads,Video,SaaS,UK,174741,7129,4.079752319146623,2.17,15469.93,326,47.45377300613497,58786.78,3.8000676150441532
2024-01-17,Meta Ads,Shopping,E-commerce,Germany,62033,2667,4.299324553060468,1.0999999999999999,2933.7,135,21.731111111111108,14288.2,4.87036847666769
2024-04-18,TikTok Ads,Search,Fintech,Canada,6067,201,3.3130047799571454,0.63,126.63,12,10.5525,2449.28,19.34202005843797
2024-06-06,Google Ads,Search,SaaS,UAE,187941,9303,4.949957699490798,2.33,21675.99,528,41.053011363636365,92564.99,4.270392724853628
2024-10-23,TikTok Ads,Shopping,EdTech,UAE,16094,535,3.3242202062880573,1.81,968.35,8,121.04375,469.8,0.48515516084060517
2024-09-27,Meta Ads,Display,EdTech,India,8599,258,3.000348877776486,0.6499999999999999,167.7,6,27.95,594.69,3.546153846153847
2024-01-07,Google Ads,Video,Fintech,UAE,32476,1136,3.497967730016012,1.64,1863.04,86,21.663255813953487,21754.11,11.676673608725524
2024-01-31,Google Ads,Display,Fintech,Canada,64739,1599,2.4699176694110196,3.26,5212.74,109,47.82330275229358,22723.24,4.359173870171926
2024-05-06,Google Ads,Search,EdTech,UK,51666,2965,5.738783726241628,2.92,8657.8,80,108.2225,16836.59,1.9446730116195803
2024-11-03,Meta Ads,Shopping,SaaS,India,39723,1116,2.8094554791934145,0.9500000000000001,1060.2,14,75.72857142857143,582.59,0.5495095265044331
2024-12-12,TikTok Ads,Search,Healthcare,Canada,163984,12971,7.909918040784467,1.68,21791.28,962,22.65205821205821,170813.74,7.838628111795177
2024-01-10,Meta Ads,Video,Fintech,Australia,51698,1307,2.528144222213625,1.9599999999999997,2561.72,91,28.150769230769228,15551.2,6.07060880970598
2024-02-16,Google Ads,Shopping,SaaS,UAE,50206,2399,4.7783133490021115,2.02,4845.98,163,29.729938650306746,5571.38,1.1496910841563523
2024-10-08,Google Ads,Video,Fintech,UAE,194099,4774,2.459569601079861,2.49,11887.26,134,88.71089552238806,8446.21,0.7105262272382364
2024-12-29,TikTok Ads,Video,E-commerce,USA,11820,366,3.0964467005076144,1.72,629.52,12,52.46,2301.99,3.656738467403736
2024-12-16,TikTok Ads,Search,SaaS,USA,56782,3264,5.7483005177697155,0.7999999999999999,2611.2,154,16.955844155844154,15749.58,6.031548713235295
2024-08-13,TikTok Ads,Video,SaaS,UK,191894,7138,3.7197619519109506,0.77,5496.26,380,14.463842105263158,85112.1,15.485457383748223
2024-01-19,Google Ads,Shopping,Fintech,UK,55075,3056,5.548797094870631,2.36,7212.16,156,46.23179487179487,5145.31,0.7134214992457184
2024-04-28,Google Ads,Shopping,EdTech,India,81830,4091,4.9993889771477455,1.45,5931.95,49,121.06020408163265,7206.83,1.2149175229056213
2024-12-17,Meta Ads,Search,EdTech,USA,87911,1116,1.2694657096381567,0.48,535.68,61,8.781639344262294,16688.84,31.15449522102748
2024-09-15,Meta Ads,Search,SaaS,Canada,9521,237,2.489234324125617,1.77,419.49,17,24.675882352941176,1502.31,3.5812772652506615
2024-04-14,TikTok Ads,Search,E-commerce,UK,88115,5383,6.109062021222266,0.68,3660.44,121,30.251570247933884,28357.39,7.746989432964343
2024-06-24,Google Ads,Shopping,E-commerce,Germany,184030,5649,3.069608216051731,2.23,12597.27,90,139.96966666666668,23192.98,1.8411116059273158
2024-08-21,Meta Ads,Video,EdTech,UK,151729,4491,2.9598824219496604,1.85,8308.35,228,36.44013157894737,48165.44,5.797232904246933
2024-02-24,TikTok Ads,Video,SaaS,India,68176,2679,3.929535320347336,1.24,3321.96,173,19.20208092485549,19288.91,5.806484725884719
2024-10-12,Meta Ads,Shopping,Healthcare,UAE,160136,6581,4.109631812958985,0.4,2632.4,393,6.69821882951654,81942.57,31.12846451907005
2024-04-22,Google Ads,Video,Healthcare,Canada,164504,3322,2.019403783494626,2.07,6876.54,96,71.630625,10570.76,1.537220753460316
2024-04-20,TikTok Ads,Display,Healthcare,Australia,111399,4155,3.729835994937118,1.2200000000000002,5069.1,176,28.801704545454548,18559.1,3.6612219131601265
2024-07-29,Google Ads,Search,E-commerce,Germany,135011,3496,2.5894186399626697,1.89,6607.44,254,26.013543307086614,69461.44,10.51261002748417
2024-08-04,Google Ads,Display,Healthcare,USA,24359,1461,5.997783160228252,2.34,3418.74,35,97.6782857142857,4110.39,1.2023113778760597
2024-05-23,Meta Ads,Shopping,Healthcare,UK,130611,2207,1.6897504804342667,0.73,1611.11,44,36.616136363636365,9567.41,5.938396509238972
2024-12-03,TikTok Ads,Search,SaaS,UK,156601,8628,5.50954336179207,0.31,2674.68,362,7.388618784530387,23745.71,8.87796297127133
2024-11-29,Meta Ads,Search,SaaS,Germany,172967,5016,2.899975139766545,2.08,10433.28,331,31.520483383685804,75767.62,7.262109327076431
2024-04-13,Google Ads,Shopping,SaaS,Canada,165104,7958,4.819992247310786,3.0900000000000003,24590.22,105,234.19257142857143,29946.1,1.2178052900706051
2024-01-17,Google Ads,Video,Fintech,Canada,49109,1203,2.449652813129976,3.2600000000000002,3921.78,25,156.87120000000002,4734.61,1.2072604786602001
2024-12-25,Meta Ads,Shopping,SaaS,UK,46291,1976,4.268648333369337,0.73,1442.48,74,19.49297297297297,2307.39,1.5995993012034828
2024-08-02,Google Ads,Video,Fintech,Germany,33750,1410,4.177777777777777,1.91,2693.1,106,25.406603773584905,5682.79,2.110129590434815
2024-01-26,Meta Ads,Search,Healthcare,USA,177593,1811,1.0197473999538271,0.79,1430.69,128,11.177265625,17092.48,11.947018571458527
2024-03-23,Google Ads,Display,SaaS,India,150465,5311,3.529724520652643,3.13,16623.43,295,56.350610169491524,57602.12,3.4651164049777936
2024-12-08,TikTok Ads,Shopping,SaaS,Canada,25860,1569,6.067285382830626,1.08,1694.52,79,21.449620253164557,13162.62,7.767757240988599
2024-08-17,Google Ads,Display,SaaS,Germany,41375,2350,5.6797583081570995,2.2,5170.0,148,34.932432432432435,14702.27,2.8437659574468084
2024-04-28,Meta Ads,Display,SaaS,UAE,26159,782,2.9894109102029893,1.51,1180.82,52,22.708076923076923,8689.29,7.35869141782829
2024-02-06,Meta Ads,Display,EdTech,India,184541,3063,1.6597937585685567,1.72,5268.36,215,24.503999999999998,16566.88,3.144599078271037
2024-08-31,Meta Ads,Video,E-commerce,UAE,196373,5184,2.6398741171138598,0.86,4458.24,173,25.770173410404624,36583.06,8.20571795147861
2024-01-10,Google Ads,Video,Healthcare,Australia,131031,6092,4.649281467744274,2.94,17910.48,482,37.15867219917013,116431.98,6.500773848607072
2024-01-15,Meta Ads,Search,EdTech,Germany,113269,3182,2.809241716621494,1.53,4868.46,185,26.316,53909.5,11.073214116989767
2024-11-27,TikTok Ads,Video,SaaS,USA,92346,6815,7.37985402724536,0.8200000000000001,5588.3,469,11.915351812366739,125930.93,22.534747597659393
2024-10-05,Google Ads,Search,Fintech,Australia,143241,7133,4.979719493720373,2.06,14693.98,272,54.02198529411765,60208.51,4.097495028576329
2024-07-11,Meta Ads,Video,SaaS,UK,194137,2640,1.3598644256375652,2.4099999999999997,6362.4,49,129.84489795918367,6668.85,1.0481657864956622
2024-01-24,TikTok Ads,Shopping,EdTech,UK,79967,2327,2.90995035452124,1.05,2443.35,43,56.82209302325581,11334.87,4.639069310577691
2024-08-31,Meta Ads,Video,E-commerce,UAE,60919,1851,3.0384609071061575,1.79,3313.29,131,25.292290076335878,19210.72,5.798079854163083
2024-09-27,TikTok Ads,Search,SaaS,Canada,40886,1782,4.358460108594629,0.55,980.1,132,7.425,28189.38,28.761738598102234
2024-03-30,TikTok Ads,Shopping,SaaS,India,37646,1874,4.9779525049142,1.1,2061.4,144,14.315277777777778,16795.87,8.147797613272532
2024-03-15,Meta Ads,Search,EdTech,Germany,117529,4266,3.6297424465451082,1.0299999999999998,4393.98,308,14.26616883116883,62119.33,14.137372040837693
2024-05-28,TikTok Ads,Video,Fintech,India,150250,7196,4.789351081530782,0.6699999999999999,4821.32,534,9.028689138576778,36153.63,7.498699526270814
2024-05-31,Meta Ads,Video,E-commerce,Germany,196929,2382,1.2095729933123107,1.3,3096.6,143,21.654545454545453,38447.59,12.416066007879609
2024-10-20,Google Ads,Search,Healthcare,Germany,91491,4053,4.42994392891104,1.74,7052.22,140,50.373000000000005,19432.37,2.7554968506371043
2024-12-04,Google Ads,Video,E-commerce,UK,154741,6019,3.8897254121402858,1.04,6259.76,220,28.453454545454548,38586.7,6.16424591358135
2024-10-27,TikTok Ads,Display,E-commerce,India,72963,5618,7.699793045790332,0.48,2696.64,412,6.545242718446602,16464.01,6.105379286816186
2024-09-15,Google Ads,Video,Fintech,USA,194281,5906,3.03992670410385,2.5,14765.0,371,39.79784366576819,20958.57,1.4194764646122586
2024-09-28,Meta Ads,Display,E-commerce,UAE,92844,3277,3.529576493903753,1.81,5931.37,63,94.14873015873016,10318.61,1.7396672269644282
2024-05-11,Google Ads,Video,SaaS,UAE,132441,2436,1.8393095793598662,2.09,5091.24,135,37.712888888888884,8958.33,1.7595575930421665
2024-10-08,Meta Ads,Search,EdTech,Germany,110977,2829,2.549176856465754,0.66,1867.14,48,38.89875,10643.48,5.700418822370041
2024-09-30,Google Ads,Search,Healthcare,UAE,50076,2964,5.919003115264798,3.4,10077.6,94,107.20851063829788,28058.66,2.7842601413034846
2024-10-30,Google Ads,Search,SaaS,Australia,180590,4857,2.6895176920095243,1.51,7334.07,333,22.024234234234232,91782.77,12.514575126771357
2024-06-19,Meta Ads,Search,Fintech,UAE,153530,3899,2.5395688139125907,2.31,9006.69,302,29.823476821192056,21392.38,2.375165571369726
2024-01-05,Google Ads,Video,SaaS,India,135223,3285,2.429320455839613,3.02,9920.7,201,49.35671641791045,46154.22,4.652314856814539
2024-12-30,Meta Ads,Display,EdTech,USA,108152,4250,3.929654560248539,0.72,3060.0,160,19.125,12452.25,4.069362745098039
2024-03-03,Google Ads,Video,Healthcare,Germany,76442,2392,3.1291698281049682,1.6400000000000001,3922.88,160,24.518,14390.19,3.668271779916796
2024-11-12,Google Ads,Video,EdTech,Germany,57335,1869,3.2597889596232665,2.75,5139.75,133,38.64473684210526,11136.73,2.166784376672017
2024-11-25,TikTok Ads,Display,SaaS,UK,82661,4769,5.7693470923410075,1.33,6342.77,271,23.405055350553507,79985.87,12.610558163073861
2024-04-30,Google Ads,Shopping,Fintech,India,72902,4942,6.778963540094922,3.3000000000000003,16308.6,323,50.49102167182663,33499.38,2.0540929325631874
2024-02-01,Meta Ads,Search,E-commerce,UK,63528,711,1.1191915375897243,1.4900000000000002,1059.39,23,46.0604347826087,4567.68,4.311613286891513
2024-12-18,TikTok Ads,Shopping,Fintech,USA,169238,6583,3.88978834540706,0.5299999999999999,3488.99,507,6.88163708086785,146453.92,41.9760217140204
2024-12-06,Meta Ads,Display,SaaS,Canada,14815,189,1.2757340533243333,0.55,103.95,3,34.65,142.69,1.3726791726791727
2024-08-21,TikTok Ads,Search,Healthcare,Germany,47278,2803,5.928761791953974,1.69,4737.07,201,23.567512437810944,39448.18,8.327548463501701
2024-02-17,Google Ads,Video,Fintech,UAE,15046,400,2.658513890735079,1.18,472.0,4,118.0,142.71,0.30235169491525427
2024-08-04,Meta Ads,Shopping,SaaS,Canada,58968,1715,2.9083570750237415,1.49,2555.35,127,20.120866141732282,13332.87,5.217629678908956
2024-02-21,Google Ads,Search,Healthcare,India,13083,707,5.403959336543606,2.3800000000000003,1682.66,41,41.04048780487805,10442.74,6.206090356934853
2024-12-17,TikTok Ads,Search,SaaS,Germany,109222,7306,6.6891285638424485,1.09,7963.54,124,64.22209677419355,12349.14,1.5507098601878058
2024-04-04,TikTok Ads,Search,SaaS,UK,45382,2246,4.949098761623551,1.5899999999999999,3571.14,46,77.63347826086957,2662.9,0.7456722503178257
2024-09-15,Meta Ads,Display,Healthcare,UAE,196432,6501,3.3095422334446525,0.4,2600.4,462,5.628571428571429,52195.74,20.072196585140745
2024-12-05,TikTok Ads,Search,EdTech,India,71470,2065,2.889324191968658,1.18,2436.7,37,65.85675675675675,10377.15,4.258690031600115
2024-01-01,TikTok Ads,Display,SaaS,USA,103026,9066,8.799720458913283,1.43,12964.38,278,46.634460431654674,46631.0,3.596855383751479
2024-07-13,Meta Ads,Display,Fintech,India,140793,2886,2.049817817647184,1.52,4386.72,141,31.11148936170213,12104.44,2.7593372724951672
2024-07-24,Meta Ads,Search,Fintech,Canada,8970,306,3.411371237458194,0.6,183.6,22,8.345454545454546,4976.05,27.102668845315907
2024-12-18,Meta Ads,Display,Fintech,Germany,177825,4285,2.4096724307605792,0.78,3342.3,163,20.504907975460124,29602.7,8.856984711127067
2024-12-07,Meta Ads,Display,SaaS,UAE,122512,4532,3.6992294632362546,1.8399999999999999,8338.88,61,136.7029508196721,5305.8,0.6362724970259795
2024-06-09,Google Ads,Search,EdTech,Canada,107548,4258,3.9591624205006135,3.2,13625.6,145,93.9696551724138,17656.92,1.2958636683889149
2024-07-06,TikTok Ads,Display,Healthcare,UK,89224,5255,5.889670940554112,1.9900000000000002,10457.45,336,31.123363095238098,94667.83,9.052668671616885
2024-10-27,Meta Ads,Display,E-commerce,UK,100561,3781,3.759906922166645,1.3900000000000001,5255.59,124,42.383790322580644,34626.86,6.588577115033707
2024-05-31,Google Ads,Search,Fintech,UAE,50111,2320,4.629722017121989,2.73,6333.6,153,41.39607843137255,30016.66,4.7392730832386
2024-03-22,Google Ads,Display,SaaS,Germany,65985,1445,2.1898916420398575,0.8200000000000001,1184.9,63,18.80793650793651,4237.85,3.576546544012153
2024-07-25,Meta Ads,Video,E-commerce,Germany,93257,1930,2.069549738893595,1.32,2547.6,102,24.976470588235294,26767.95,10.507124352331607
2024-12-24,TikTok Ads,Search,SaaS,India,102847,6458,6.279230312989198,1.17,7555.86,314,24.06324840764331,81199.4,10.746546389160201
2024-02-18,Meta Ads,Search,SaaS,UAE,161738,5046,3.119860515154138,1.6600000000000001,8376.36,258,32.46651162790698,29417.67,3.511987307135796
2024-05-07,Meta Ads,Shopping,Healthcare,Australia,46516,772,1.6596439934646143,0.59,455.48,39,11.67897435897436,4874.74,10.702423816633
2024-11-02,Google Ads,Video,SaaS,Canada,7802,340,4.357856959753909,2.3699999999999997,805.8,14,57.55714285714286,799.08,0.9916604616530157
2024-10-22,Google Ads,Search,EdTech,USA,15960,750,4.6992481203007515,1.72,1290.0,40,32.25,6919.55,5.363992248062016
2024-01-16,TikTok Ads,Shopping,SaaS,Australia,55701,4138,7.428951006265597,0.34,1406.92,229,6.143755458515284,20016.59,14.227241065590082
2024-06-30,Google Ads,Display,E-commerce,India,64757,3976,6.139876770078911,1.4300000000000002,5685.68,58,98.02896551724139,4380.33,0.7704144447102194
2024-04-04,TikTok Ads,Search,SaaS,UK,199291,16660,8.359634905740851,1.16,19325.6,1016,19.021259842519683,207611.26,10.742810572504865
2024-09-18,TikTok Ads,Shopping,EdTech,UK,116800,8351,7.149828767123288,0.7,5845.7,493,11.857403651115618,80828.76,13.827045520639102
2024-10-30,Meta Ads,Shopping,Healthcare,Canada,88470,2459,2.7794732677743865,0.99,2434.41,165,14.754,44145.0,18.1337572553514
2024-03-07,TikTok Ads,Display,Healthcare,Australia,186782,14270,7.639922476469896,1.08,15411.6,931,16.553813104189043,224929.42,14.594812998001506
2024-12-08,Google Ads,Display,Healthcare,UAE,121832,6786,5.569965197977543,1.18,8007.48,139,57.60776978417266,28929.72,3.6128369974074244
2024-09-11,Google Ads,Video,E-commerce,USA,88514,1610,1.8189213005852183,0.86,1384.6,77,17.98181818181818,22165.04,16.008262314025714
2024-10-14,Meta Ads,Display,Fintech,India,125424,3787,3.0193583365225156,0.48,1817.76,253,7.1848221343873515,36320.54,19.980932576357716
2024-12-06,TikTok Ads,Video,Healthcare,UAE,23883,1332,5.577188795377465,1.56,2077.92,66,31.483636363636364,10903.46,5.247295372295372
2024-05-08,Meta Ads,Shopping,E-commerce,Germany,49864,2074,4.159313332263757,1.75,3629.5,73,49.71917808219178,14018.44,3.862361206777793
2024-07-27,Google Ads,Video,SaaS,UAE,190890,7616,3.9897323065639894,1.16,8834.56,141,62.65645390070922,25751.07,2.9148106979860913
2024-11-02,Google Ads,Display,EdTech,UK,146295,3394,2.319969923784135,3.41,11573.54,195,59.35148717948719,49666.69,4.29140003836337
2024-09-23,Meta Ads,Search,SaaS,India,29343,346,1.179156868759159,2.0100000000000002,695.46,7,99.35142857142857,672.01,0.966281310211946
2024-09-25,TikTok Ads,Display,EdTech,Australia,154712,10288,6.649775065928952,1.08,11111.04,439,25.3098861047836,80440.02,7.239648133748056
2024-04-06,TikTok Ads,Video,EdTech,Germany,60438,5554,9.18958271286277,1.44,7997.76,286,27.964195804195803,35506.6,4.439568079062137
2024-06-01,Google Ads,Shopping,EdTech,Australia,18149,918,5.058129924513747,1.62,1487.16,14,106.22571428571429,3557.93,2.392432556012803
2024-10-02,TikTok Ads,Shopping,SaaS,Germany,39626,1172,2.9576540655125423,0.58,679.76,22,30.89818181818182,1100.59,1.6190861480522536
2024-04-20,TikTok Ads,Shopping,E-commerce,UAE,103730,4335,4.179118866287477,1.48,6415.8,104,61.690384615384616,27379.91,4.267575360827956
2024-06-29,Google Ads,Display,Healthcare,USA,35346,1279,3.6185141175804905,2.54,3248.66,48,67.68041666666666,1649.56,0.5077662790196573
2024-01-30,Meta Ads,Video,Healthcare,Australia,57776,1490,2.578925505400166,1.18,1758.2,107,16.43177570093458,22435.51,12.76049937436014
2024-09-25,Meta Ads,Shopping,SaaS,UAE,178916,4723,2.6397862684164637,1.54,7273.42,147,49.47904761904762,29612.74,4.071363952583517
2024-12-15,Meta Ads,Search,Fintech,Canada,34778,705,2.0271435965265394,1.5599999999999998,1099.8,35,31.42285714285714,2280.29,2.0733678850700126
2024-06-05,TikTok Ads,Search,Fintech,Australia,179120,8794,4.909557838320679,0.96,8442.24,646,13.068482972136223,31918.96,3.78086384656205
2024-06-19,Meta Ads,Display,Fintech,UAE,91706,1650,1.7992279676357055,1.68,2772.0,80,34.65,8391.32,3.027171717171717
2024-09-16,Meta Ads,Display,EdTech,Germany,7056,227,3.2171201814058956,0.82,186.14,6,31.02333333333333,1653.16,8.881272160739229
2024-01-21,Meta Ads,Display,E-commerce,Germany,161646,5253,3.2496937752867376,1.0,5253.0,228,23.039473684210527,43732.39,8.325221778031601
2024-04-05,Google Ads,Video,SaaS,Canada,177115,8005,4.519662366259211,2.9,23214.5,460,50.46630434782609,108688.43,4.681919920739193
2024-10-03,TikTok Ads,Search,Healthcare,Australia,141087,10609,7.51947379985399,0.44,4667.96,737,6.333731343283582,190244.62,40.75540921516037
2024-11-03,TikTok Ads,Video,SaaS,Australia,184745,12451,6.739559933963029,1.67,20793.17,404,51.468242574257424,23357.33,1.1233174162477393
2024-09-10,Google Ads,Shopping,E-commerce,UAE,104969,5773,5.499718964646705,1.42,8197.66,142,57.73,24245.52,2.957614733960667
2024-06-03,TikTok Ads,Shopping,Fintech,India,80885,3995,4.939111083637263,0.44,1757.8,79,22.250632911392405,10692.34,6.0827966776652636
2024-04-15,Google Ads,Video,E-commerce,Canada,33807,807,2.387079598899636,2.0300000000000002,1638.21,25,65.5284,5072.77,3.096532190622692
2024-03-21,Meta Ads,Search,SaaS,India,198074,5783,2.919615901127861,0.61,3527.63,263,13.413041825095057,60037.86,17.019318919501195
2024-11-17,Google Ads,Search,EdTech,UK,115282,4876,4.229628216026787,3.76,18333.76,77,238.1007792207792,2427.15,0.13238691899533978
2024-02-27,Google Ads,Display,Healthcare,USA,45880,2817,6.139930252833479,1.1400000000000001,3211.38,62,51.796451612903226,2770.83,0.8628159856510285
2024-05-21,Meta Ads,Search,Healthcare,Germany,20993,583,2.7771161815843377,1.28,746.24,45,16.583111111111112,4493.83,6.021963443396226
2024-03-11,Google Ads,Video,SaaS,Canada,183448,8053,4.389799834285465,2.08,16750.24,351,47.72148148148148,74979.38,4.476316757252433
2024-01-21,TikTok Ads,Shopping,EdTech,UAE,119944,9331,7.779463749749883,0.61,5691.91,717,7.9385076708507665,101587.49,17.84769787294599
2024-01-27,TikTok Ads,Search,Healthcare,Canada,69198,3529,5.099858377409752,0.55,1940.95,256,7.5818359375,15199.33,7.8308714804605986
2024-12-08,Meta Ads,Search,Healthcare,UK,46936,2234,4.7596727458667125,0.7899999999999999,1764.86,55,32.08836363636363,5977.87,3.3871638543567197
2024-07-04,TikTok Ads,Video,EdTech,India,21689,895,4.126515745308682,0.95,850.25,22,38.64772727272727,4747.38,5.583510732137607
2024-03-14,TikTok Ads,Search,EdTech,India,24504,899,3.668788769180542,1.42,1276.58,41,31.136097560975607,3721.4,2.91513261996898
2024-04-16,Meta Ads,Shopping,E-commerce,Canada,119053,4000,3.3598481348643046,1.01,4040.0,152,26.57894736842105,25959.16,6.425534653465347
2024-01-21,TikTok Ads,Search,Healthcare,Canada,160522,5425,3.3795990580730364,1.11,6021.75,398,15.13002512562814,79057.93,13.128730020342923
2024-08-04,Google Ads,Shopping,EdTech,UK,158627,7725,4.869914957731029,2.88,22248.0,299,74.40802675585284,66700.13,2.9980281373606616
2024-06-26,Meta Ads,Video,SaaS,Germany,157955,2780,1.759994935266373,0.62,1723.6,202,8.532673267326732,49191.36,28.53989324669297
2024-03-16,Meta Ads,Shopping,EdTech,USA,196112,2647,1.349738924696092,1.51,3996.97,187,21.37417112299465,16387.67,4.100023267625226
2024-02-15,Meta Ads,Display,EdTech,Germany,67167,1907,2.839191865052779,1.4300000000000002,2727.01,114,23.921140350877195,20596.75,7.552869259738688
2024-08-07,Google Ads,Display,Healthcare,India,90550,3966,4.379900607399227,2.76,10946.16,207,52.88,7960.57,0.7272477288839191
2024-09-07,Google Ads,Shopping,EdTech,USA,91150,4119,4.518924849149753,3.83,15775.77,98,160.9772448979592,4547.95,0.28828703765331265
2024-04-20,Google Ads,Display,Fintech,India,157832,4072,2.5799584368188957,2.3800000000000003,9691.36,124,78.15612903225806,34560.39,3.5661032094566703
2024-09-27,Google Ads,Video,Fintech,India,28958,1355,4.67919055183369,2.87,3888.85,49,79.36428571428571,13909.3,3.5767129099862425
2024-11-09,Meta Ads,Shopping,EdTech,UAE,8487,271,3.1931188877106162,0.91,246.61,14,17.615000000000002,4179.96,16.949677628644416
2024-01-04,Meta Ads,Shopping,Healthcare,Canada,91284,2126,2.3289952236974716,0.92,1955.92,132,14.817575757575758,23916.94,12.227974559286677
2024-03-22,Meta Ads,Video,Fintech,Germany,84737,1415,1.6698726648335438,0.61,863.15,67,12.882835820895522,10044.57,11.637108266234142
2024-11-26,Meta Ads,Search,EdTech,Australia,31547,772,2.447142359019875,1.99,1536.28,15,102.41866666666667,4188.5,2.7263910224698624
2024-12-29,Meta Ads,Video,SaaS,Canada,162038,2722,1.6798528740172058,0.77,2095.94,71,29.520281690140845,16951.26,8.087664723226808
2024-08-28,Google Ads,Video,EdTech,UAE,145119,9998,6.889518257430109,1.46,14597.08,233,62.64841201716738,60859.85,4.16931674006034
2024-05-10,TikTok Ads,Display,Healthcare,Canada,92601,4065,4.3898014060323325,0.52,2113.8,324,6.524074074074075,24076.73,11.390259248746332
2024-12-30,Google Ads,Shopping,Healthcare,Canada,148041,8053,5.439709269729331,3.47,27943.91,98,285.1419387755102,4146.07,0.14837114777423774
2024-09-25,Google Ads,Display,E-commerce,UK,25195,738,2.929152609644771,2.61,1926.18,12,160.51500000000001,432.4,0.22448576976191215
2024-01-21,Google Ads,Display,EdTech,Australia,186465,8689,4.659855737001582,2.42,21027.38,367,57.29531335149864,57833.06,2.7503692804334157
2024-09-06,Google Ads,Shopping,Fintech,Australia,136960,5382,3.9296144859813085,1.42,7642.44,230,33.228,39826.63,5.211245361429072
2024-04-21,Google Ads,Video,EdTech,USA,193405,7852,4.059874356919417,0.96,7537.92,459,16.42248366013072,79715.61,10.575279387417218
2024-06-05,Meta Ads,Video,Healthcare,USA,118591,4043,3.4091963133795993,1.15,4649.45,303,15.344719471947194,36581.13,7.867840282183914
2024-02-07,Google Ads,Search,Fintech,Germany,163349,7906,4.839943923746089,2.68,21188.08,360,58.85577777777778,44353.83,2.0933388018168704
2024-08-31,Google Ads,Video,Healthcare,USA,166957,5476,3.2798864378253088,1.22,6680.72,137,48.7643795620438,35345.21,5.290628854374977
2024-06-28,Meta Ads,Display,SaaS,UK,169818,4992,2.9396177083701374,1.9,9484.8,146,64.96438356164383,26864.23,2.832345436909582
2024-11-04,Google Ads,Display,EdTech,India,158441,3976,2.5094514677387796,2.7199999999999998,10814.72,300,36.04906666666666,51868.85,4.796134342821635
2024-12-25,Google Ads,Display,E-commerce,UK,10380,503,4.845857418111754,2.0,1006.0,15,67.06666666666666,1306.45,1.298658051689861
2024-09-21,Google Ads,Shopping,SaaS,Australia,27791,930,3.3464071102155373,1.49,1385.7,73,18.982191780821918,10712.26,7.730576603882514
2024-03-28,Meta Ads,Shopping,E-commerce,Australia,124870,2622,2.0997837751261312,1.68,4404.96,140,31.464,13095.31,2.9728555991427843
2024-08-30,Meta Ads,Display,Healthcare,Australia,137053,5550,4.04952828467819,1.52,8436.0,381,22.141732283464567,43644.89,5.173647463252727
2024-04-21,Meta Ads,Search,E-commerce,UAE,43062,1322,3.069992104407598,0.7,925.4,23,40.23478260869565,2104.08,2.2736978603846985
2024-09-03,Google Ads,Video,SaaS,USA,177472,9210,5.189551027767761,2.03,18696.3,410,45.600731707317074,45066.38,2.4104437776458445
2024-05-26,Google Ads,Display,Healthcare,Australia,25967,656,2.5262833596487853,2.69,1764.64,24,73.52666666666667,1078.62,0.6112408196572671
2024-09-25,TikTok Ads,Shopping,SaaS,Canada,139162,7152,5.139334013595666,1.3900000000000001,9941.28,137,72.56408759124088,29124.09,2.9296116797836897
2024-12-22,Google Ads,Display,Fintech,UK,45364,1628,3.5887487875848687,1.23,2002.44,113,17.720707964601772,10930.4,5.4585405804918
2024-01-15,Google Ads,Display,E-commerce,UK,62320,3857,6.189024390243903,1.01,3895.57,158,24.655506329113926,17905.2,4.596297846014832
2024-11-15,Meta Ads,Shopping,SaaS,Canada,141436,3026,2.1394835826805054,1.84,5567.84,108,51.55407407407407,24540.41,4.407527874364206
2024-10-18,Meta Ads,Video,EdTech,Germany,152318,4554,2.989797660158353,1.0799999999999998,4918.32,296,16.615945945945946,64805.54,13.176356967419771
2024-09-01,Google Ads,Search,SaaS,USA,27778,1902,6.8471452228382175,1.55,2948.1,125,23.584799999999998,15444.21,5.238699501373766
2024-08-19,TikTok Ads,Video,E-commerce,UK,82400,3708,4.5,0.8,2966.4,139,21.341007194244604,31548.51,10.635285194174756
2024-11-29,Google Ads,Search,Healthcare,UK,195606,10817,5.52999396746521,3.5300000000000002,38184.01,122,312.9836885245902,7355.91,0.1926437270470021
2024-11-20,TikTok Ads,Shopping,Fintech,Canada,18181,1179,6.484791815631703,0.6399999999999999,754.56,24,31.439999999999998,4581.7,6.072015479219678
2024-04-26,Google Ads,Video,SaaS,USA,86560,5323,6.1494916820702406,0.91,4843.93,94,51.53117021276596,8283.62,1.7101031600374077
2024-03-11,Google Ads,Video,Fintech,USA,89845,2605,2.89943792086371,1.74,4532.7,155,29.243225806451612,14107.55,3.112394378626426
2024-06-08,Meta Ads,Shopping,Fintech,Germany,194121,6270,3.2299442100545535,0.6900000000000001,4326.3,133,32.52857142857143,11409.44,2.6372281164043176
2024-10-23,Meta Ads,Video,SaaS,Canada,81313,1089,1.3392692435403932,1.43,1557.27,77,20.224285714285713,3549.91,2.2795725853577093
2024-08-15,Google Ads,Display,Healthcare,USA,95153,5404,5.679274431704728,1.7,9186.8,74,124.14594594594594,20688.95,2.252030086646058
2024-02-17,Meta Ads,Display,Fintech,Germany,104926,3273,3.1193412500238265,1.48,4844.04,65,74.5236923076923,12449.27,2.570018001502878
2024-12-06,Meta Ads,Shopping,SaaS,Germany,16093,466,2.8956689243770586,0.83,386.78,28,13.813571428571427,5468.73,14.13912301566782
2024-11-27,Google Ads,Shopping,EdTech,Canada,155338,10718,6.899792710090255,1.8599999999999999,19935.48,411,48.504817518248174,112821.78,5.659346050358456
2024-11-13,Google Ads,Video,EdTech,Canada,179877,4317,2.399973315098651,2.54,10965.18,215,51.000837209302325,13004.03,1.1859385801236277
2024-08-24,TikTok Ads,Video,E-commerce,Australia,185510,9739,5.2498517600129375,2.0500000000000003,19964.95,461,43.307917570498915,116711.4,5.845814790420211
2024-08-20,TikTok Ads,Search,EdTech,Germany,135992,8023,5.899611741867169,0.39999999999999997,3209.2,640,5.014374999999999,50560.98,15.755010594540698
2024-01-16,Google Ads,Search,EdTech,Germany,192593,4949,2.5696676410876824,1.83,9056.67,172,52.65505813953489,20836.16,2.30064250988498
2024-12-30,Meta Ads,Search,EdTech,UAE,18487,693,3.7485800833017793,0.49,339.57,36,9.4325,7765.15,22.867597255352358
2024-11-24,Meta Ads,Video,EdTech,UK,88452,3361,3.799801022023244,1.6300000000000001,5478.43,180,30.435722222222225,8119.45,1.4820760692388146
2024-10-16,TikTok Ads,Display,Fintech,USA,178714,7559,4.2296630370312345,1.1400000000000001,8617.26,312,27.619423076923077,39985.98,4.64021974502336
2024-07-05,TikTok Ads,Display,SaaS,UK,113190,3984,3.519745560561887,1.41,5617.44,172,32.65953488372093,10269.39,1.828126335127745
2024-04-13,Meta Ads,Video,E-commerce,Australia,126103,4300,3.409910945814136,1.09,4687.0,313,14.97444089456869,18027.88,3.8463580115212292
2024-12-21,Google Ads,Search,Healthcare,India,101355,4459,4.399388288688274,2.5500000000000003,11370.45,122,93.20040983606557,10455.25,0.9195106614074201
2024-02-16,Google Ads,Display,EdTech,Canada,197974,4375,2.209886146665724,2.43,10631.25,347,30.637608069164266,73971.79,6.957957907113462
2024-04-07,Meta Ads,Shopping,Fintech,UK,49261,724,1.4697224985282475,0.62,448.88,31,14.48,1397.37,3.113014614150775
2024-01-31,TikTok Ads,Shopping,SaaS,India,174668,10916,6.249570613964779,0.63,6877.08,310,22.184129032258063,37599.64,5.467384413152094
2024-10-16,Google Ads,Shopping,Fintech,USA,163178,5172,3.1695449141428376,2.21,11430.12,325,35.1696,14305.21,1.2515362918324566
2024-11-17,TikTok Ads,Search,EdTech,USA,105726,8542,8.079374988176987,1.4,11958.8,662,18.06465256797583,104498.78,8.738232933070208
2024-02-12,TikTok Ads,Display,Healthcare,UAE,74285,2094,2.8188732583967155,0.63,1319.22,92,14.339347826086957,18972.8,14.381831688421945
2024-01-29,Google Ads,Display,EdTech,USA,168471,6014,3.5697538448753794,0.97,5833.58,117,49.85965811965812,25231.33,4.325187963480402
2024-10-09,TikTok Ads,Search,E-commerce,UK,128295,4695,3.6595346661989945,0.8400000000000001,3943.8,276,14.28913043478261,42279.01,10.720373751204422
2024-11-26,Meta Ads,Search,Healthcare,Australia,109777,2722,2.479572223689844,1.44,3919.68,170,23.056941176470588,47040.47,12.001099579557515
2024-09-17,TikTok Ads,Video,Healthcare,UAE,153537,7277,4.739574174303263,1.0,7277.0,175,41.582857142857144,48117.42,6.612260546928679
2024-08-30,Google Ads,Shopping,Fintech,Germany,20915,913,4.3652880707626105,1.03,940.39,37,25.415945945945946,3637.08,3.8676293878071863
2024-07-26,Meta Ads,Search,EdTech,UK,29992,605,2.017204587890104,0.61,369.05,35,10.544285714285715,5311.42,14.392141986180734
2024-03-05,Meta Ads,Search,Fintech,UK,187461,2511,1.3394786115512025,1.7,4268.7,189,22.585714285714285,16540.06,3.874730011478905
2024-05-17,Google Ads,Display,E-commerce,Australia,107885,3344,3.0995967928813086,2.09,6988.96,262,26.675419847328243,51456.48,7.362537487694879
2024-05-23,Google Ads,Video,E-commerce,Germany,162242,5110,3.1496160057198503,2.67,13643.7,118,115.62457627118644,30643.55,2.2459853265609766
2024-05-06,Meta Ads,Video,EdTech,USA,34404,1204,3.499593070573189,1.4200000000000002,1709.68,94,18.188085106382978,17655.16,10.326587431566141
2024-11-02,Meta Ads,Display,EdTech,Australia,133773,3491,2.6096446966129188,1.8299999999999998,6388.53,181,35.29574585635359,21663.32,3.390971005849546
2024-08-03,Google Ads,Video,SaaS,Canada,185948,5373,2.8895174995159936,0.73,3922.29,82,47.83280487804878,15594.76,3.975932427230011
2024-07-13,Google Ads,Shopping,Healthcare,Australia,98375,1898,1.9293519695044472,3.35,6358.3,45,141.29555555555555,2253.91,0.3544831165563122
2024-07-22,Google Ads,Video,Healthcare,USA,190826,12174,6.379633802521669,1.75,21304.5,933,22.834405144694532,139478.01,6.54688023656974
2024-07-07,Meta Ads,Display,Healthcare,UAE,105050,3077,2.929081389814374,0.5,1538.5,206,7.468446601941747,55580.46,36.126395840103996
2024-07-19,Google Ads,Shopping,E-commerce,India,52547,2806,5.339981350029498,2.15,6032.9,47,128.3595744680851,13262.4,2.19834573753916
2024-05-15,Google Ads,Search,Healthcare,India,139648,4398,3.1493469294225482,3.0,13194.0,347,38.023054755043226,82597.15,6.2602053963922994
2024-06-21,TikTok Ads,Search,Fintech,Germany,186434,8743,4.68959524550243,1.6500000000000001,14425.95,87,165.81551724137933,21530.58,1.4924895760764456
2024-07-29,Google Ads,Search,Fintech,Germany,63001,3181,5.049126204345963,1.48,4707.88,94,50.083829787234045,3324.55,0.7061671070630517
2024-04-12,Meta Ads,Shopping,E-commerce,UK,132343,3507,2.649932372698216,1.14,3997.98,238,16.798235294117646,17184.94,4.298405694875912
2024-06-19,Google Ads,Shopping,Healthcare,UK,172570,3692,2.139421683954337,2.16,7974.72,53,150.46641509433962,15699.11,1.9686095561975845
2024-04-09,Google Ads,Video,Fintech,UAE,196510,10316,5.249605618034706,2.0,20632.0,282,73.16312056737588,66245.27,3.2108021519968983
2024-05-13,Google Ads,Display,EdTech,Canada,140875,6818,4.839751552795031,2.25,15340.5,142,108.03169014084507,28774.25,1.8757048336103777
2024-08-02,TikTok Ads,Shopping,SaaS,USA,50955,3892,7.638112059660484,1.27,4942.84,224,22.06625,60995.17,12.340106092853501
2024-10-19,Google Ads,Search,Fintech,USA,103991,3067,2.9492936888769217,2.59,7943.53,142,55.94035211267605,36045.3,4.537692940040511
2024-10-25,Google Ads,Video,EdTech,Germany,22637,876,3.8697707293369263,1.22,1068.72,16,66.795,2623.14,2.4544688973725575
2024-12-20,Meta Ads,Display,Fintech,Canada,86099,2910,3.3798301954726537,2.19,6372.9,194,32.85,39485.52,6.195848044061573
2024-11-08,Meta Ads,Display,Fintech,UAE,181950,2401,1.3195932948612257,0.67,1608.67,168,9.575416666666667,30028.61,18.66673090192519
2024-06-11,Meta Ads,Video,E-commerce,Australia,102229,2146,2.0992086394271685,0.61,1309.06,52,25.174230769230768,14121.79,10.787733182589035
2024-09-22,TikTok Ads,Video,SaaS,Germany,53167,2536,4.76987605093385,0.43999999999999995,1115.84,145,7.695448275862068,11216.46,10.052032549469457
2024-05-06,Meta Ads,Shopping,SaaS,Canada,10177,413,4.0581703841996655,1.8499999999999999,764.05,16,47.753125,4058.36,5.311641908252078
2024-12-08,Meta Ads,Shopping,E-commerce,Canada,67714,738,1.0898780163629382,1.1099999999999999,819.18,17,48.18705882352941,1445.84,1.7649844966918138
2024-10-23,Google Ads,Shopping,Fintech,UK,51032,3036,5.949208339865183,2.23,6770.28,195,34.71938461538461,18761.36,2.771135019526519
2024-08-11,TikTok Ads,Display,SaaS,USA,68474,4923,7.189590209422554,0.47,2313.81,198,11.68590909090909,32574.4,14.078251887579361
2024-08-12,TikTok Ads,Video,SaaS,Australia,12838,784,6.106870229007633,0.42,329.28,56,5.88,2887.05,8.767766034985424
2024-06-05,Google Ads,Display,Healthcare,UK,151595,9262,6.109700188000923,1.76,16301.12,572,28.49846153846154,85249.68,5.229682377652578
2024-04-11,TikTok Ads,Video,E-commerce,Germany,38799,1303,3.358333977679837,0.33,429.99,51,8.431176470588236,4095.81,9.525361054908254
2024-06-23,Google Ads,Video,SaaS,Australia,121565,2601,2.1395961008513966,2.04,5306.04,176,30.147954545454546,34156.84,6.4373506419099735
2024-09-11,Meta Ads,Display,E-commerce,Canada,38762,1007,2.597905164852175,0.6799999999999999,684.76,16,42.7975,3871.2,5.653367603247853
2024-02-18,Meta Ads,Search,E-commerce,India,32410,693,2.138228941684665,1.79,1240.47,21,59.07,678.51,0.5469781615033011
2024-03-29,TikTok Ads,Video,EdTech,Australia,134132,4694,3.499537768765097,0.82,3849.08,306,12.578692810457516,52932.5,13.751987487919191
2024-01-28,Google Ads,Display,E-commerce,Australia,38005,1489,3.917905538744902,1.51,2248.39,79,28.460632911392402,23043.93,10.249080453124236
2024-01-15,Google Ads,Search,E-commerce,India,91348,2914,3.1899986863423395,1.73,5041.22,98,51.44102040816327,14981.67,2.9718341988645602
2024-08-22,Google Ads,Display,E-commerce,UK,87607,3661,4.178889814740831,3.15,11532.15,106,108.7938679245283,31383.75,2.7214136132464457
2024-02-01,TikTok Ads,Shopping,Fintech,India,95288,7108,7.4594912265972635,0.51,3625.08,454,7.9847577092511015,132401.61,36.52377602701181
2024-09-28,TikTok Ads,Video,Healthcare,UK,68620,3602,5.249198484406879,0.48000000000000004,1728.96,134,12.90268656716418,22980.94,13.291770775495094
2024-07-06,TikTok Ads,Video,Healthcare,Australia,95975,3848,4.009377442042199,1.7799999999999998,6849.44,66,103.77939393939393,6246.82,0.9120190847718938
2024-12-12,Google Ads,Shopping,SaaS,Canada,162064,5607,3.459744298548721,2.42,13568.94,77,176.22,8174.03,0.6024074098639982
2024-05-18,Meta Ads,Search,Fintech,USA,57712,848,1.4693651233712226,0.9,763.2,64,11.925,2136.83,2.7998296645702303
2024-06-29,Meta Ads,Shopping,Fintech,Germany,147412,3670,2.489620926383198,1.17,4293.9,162,26.505555555555553,38717.46,9.0168518130371
2024-02-06,Google Ads,Display,E-commerce,UAE,79525,2298,2.8896573404589754,1.58,3630.84,119,30.511260504201683,21777.03,5.9977938989324775
2024-04-18,Meta Ads,Shopping,E-commerce,UK,78480,1389,1.7698776758409787,1.69,2347.41,19,123.5478947368421,2972.32,1.2662125491499143
2024-03-11,TikTok Ads,Display,SaaS,UK,165232,7617,4.609881863077369,0.77,5865.09,601,9.758885191347755,102707.85,17.511726162769882
2024-05-18,Google Ads,Display,SaaS,UAE,13294,583,4.385437039265834,1.38,804.54,46,17.49,11553.7,14.3606284336391
2024-11-16,Meta Ads,Video,EdTech,UK,55333,852,1.5397683118573002,1.05,894.6,66,13.554545454545455,12295.52,13.744153811759446
2024-09-24,Meta Ads,Display,Fintech,UK,177027,6160,3.479695187739723,1.23,7576.8,220,34.44,59390.91,7.838521539436174
2024-11-10,Meta Ads,Search,E-commerce,USA,21679,448,2.0665159832095576,0.89,398.72,31,12.861935483870969,3556.66,8.920194622792936
2024-07-09,Google Ads,Search,Healthcare,UK,18601,706,3.7954948658674263,2.0,1412.0,54,26.14814814814815,3302.39,2.3388031161473086
2024-11-29,Google Ads,Shopping,Healthcare,UAE,146583,2990,2.03979997680495,1.6099999999999999,4813.9,114,42.22719298245614,8660.28,1.7990153513783007
2024-11-17,Google Ads,Shopping,Fintech,Australia,46745,2140,4.57802973580062,3.4400000000000004,7361.6,38,193.7263157894737,5289.97,0.7185897087589654
2024-12-09,Google Ads,Display,E-commerce,Canada,39505,2251,5.698012909758258,3.06,6888.06,149,46.22859060402685,30920.99,4.48907094305218
2024-03-11,Google Ads,Shopping,Healthcare,Germany,179342,4071,2.269964648548583,2.26,9200.46,195,47.18184615384615,30682.52,3.334889777250268
2024-10-27,Google Ads,Video,Fintech,UAE,75410,3039,4.029969500066304,0.9500000000000001,2887.05,239,12.079707112970713,29467.42,10.206757763114597
2024-06-28,Google Ads,Search,Healthcare,UAE,83488,4049,4.849798773476428,1.1500000000000001,4656.35,45,103.47444444444446,2103.0,0.45164130703233213
2024-12-26,TikTok Ads,Display,SaaS,USA,149143,5175,3.4698242626204383,0.53,2742.75,140,19.59107142857143,11705.28,4.267716707683894
2024-11-21,Meta Ads,Shopping,Fintech,Australia,52743,1207,2.2884553400451244,1.9300000000000002,2329.51,90,25.883444444444446,11281.65,4.842928341153289
2024-04-19,Meta Ads,Shopping,Healthcare,UK,92091,3342,3.6290191223898103,1.48,4946.16,145,34.11144827586207,37976.42,7.67796027625471
2024-04-14,TikTok Ads,Video,Healthcare,USA,118687,10586,8.91925821699091,0.75,7939.5,635,12.503149606299212,88046.75,11.089709679450847
2024-10-25,Google Ads,Video,EdTech,UAE,195664,6378,3.2596696377463408,2.6,16582.8,312,53.15,33814.66,2.0391405552741397
2024-09-26,TikTok Ads,Search,EdTech,India,89946,5162,5.738998954928513,0.63,3252.06,349,9.318223495702005,87393.19,26.873178846638748
2024-12-05,TikTok Ads,Search,EdTech,India,170529,11766,6.899706208328202,1.48,17413.68,695,25.055654676258992,102403.13,5.880613977057118
2024-01-03,Meta Ads,Display,Fintech,Canada,129750,2452,1.889788053949904,1.0899999999999999,2672.68,93,28.738494623655914,23770.39,8.893840639358247
2024-01-22,Meta Ads,Display,Healthcare,USA,197882,5144,2.5995290122396173,0.81,4166.64,299,13.935250836120403,68061.76,16.334926943532437
2024-06-06,Google Ads,Display,E-commerce,Australia,58266,2651,4.54982322452202,1.22,3234.22,103,31.400194174757278,3487.43,1.0782909016702635
2024-09-01,Meta Ads,Search,E-commerce,USA,98699,2171,2.199617017396326,2.2199999999999998,4819.62,92,52.387173913043476,5066.63,1.0512509284964375
2024-01-18,TikTok Ads,Video,EdTech,UK,172820,5512,3.189445666010878,1.5,8268.0,229,36.10480349344978,38190.22,4.619039671020803
2024-11-30,Google Ads,Shopping,EdTech,UK,61902,2599,4.198571936286388,2.92,7589.08,160,47.43175,43994.91,5.797133512889573
2024-07-20,TikTok Ads,Shopping,EdTech,UAE,148573,8706,5.859745714228023,1.77,15409.62,643,23.96519440124417,163989.09,10.641994416474903
2024-11-06,Meta Ads,Shopping,EdTech,Germany,149654,6689,4.4696433105697135,1.2899999999999998,8628.81,262,32.934389312977096,10578.46,1.2259465673713987
2024-01-24,Meta Ads,Search,Healthcare,India,191478,6414,3.349732084103657,1.5699999999999998,10069.98,236,42.66940677966102,56534.15,5.6141273368963995
2024-05-01,Meta Ads,Search,E-commerce,Canada,7196,287,3.988326848249027,2.21,634.27,10,63.427,693.26,1.0930045564191906
2024-11-14,Google Ads,Display,Healthcare,India,30757,1202,3.9080534512468708,3.26,3918.52,60,65.30866666666667,5647.0,1.4411053152720925
2024-04-11,Google Ads,Display,Healthcare,Canada,17578,330,1.877346683354193,3.0700000000000003,1013.1,20,50.655,3553.78,3.507827460270457
2024-02-02,Google Ads,Display,E-commerce,USA,65530,2018,3.0795055699679534,2.81,5670.58,117,48.46649572649572,12114.63,2.1364005092953455
2024-09-18,TikTok Ads,Search,SaaS,UK,89403,5578,6.239164233862398,1.48,8255.44,414,19.940676328502416,80503.15,9.751527477638986
2024-06-09,TikTok Ads,Shopping,E-commerce,Australia,161904,4339,2.679983199920941,1.05,4555.95,178,25.59522471910112,22405.85,4.917931496175331
2024-09-08,Meta Ads,Video,EdTech,Canada,27036,708,2.6187305814469597,1.67,1182.36,12,98.52999999999999,1538.26,1.3010081531851552
2024-06-08,Meta Ads,Shopping,SaaS,UK,12712,212,1.667715544367527,1.7,360.4,9,40.044444444444444,375.03,1.0405937846836848
2024-02-10,Google Ads,Shopping,E-commerce,UAE,24198,1214,5.016943549053641,1.35,1638.9,60,27.315,11611.94,7.08520349014583
2024-07-31,Google Ads,Display,SaaS,India,80324,2337,2.9094666600268915,2.99,6987.63,50,139.7526,12463.37,1.7836333635295516
2024-04-22,Google Ads,Search,SaaS,Germany,160525,6003,3.7396044229870737,1.67,10025.01,106,94.57556603773585,12306.27,1.2275568802425134
2024-02-27,Google Ads,Display,Fintech,Germany,104821,4224,4.029726867707806,1.36,5744.64,307,18.712182410423456,89314.07,15.547374596145277
2024-10-03,Google Ads,Video,Healthcare,India,48118,1616,3.3584105740055694,3.66,5914.56,129,45.8493023255814,28604.24,4.836241411026348
2024-02-06,TikTok Ads,Display,SaaS,Australia,53709,2868,5.339887169748088,0.89,2552.52,222,11.497837837837837,47503.54,18.610447714415557
2024-02-14,Google Ads,Display,Healthcare,UK,25497,1142,4.478958308820646,1.84,2101.28,75,28.01706666666667,18551.01,8.828433145511307
2024-08-26,TikTok Ads,Display,Fintech,UAE,178782,7705,4.309717980557327,1.28,9862.4,352,28.018181818181816,30909.61,3.1340860236859185
2024-05-03,Meta Ads,Video,Healthcare,India,189221,7587,4.009597243434925,0.91,6904.17,80,86.302125,2769.22,0.40109383169881385
2024-12-26,Meta Ads,Search,Fintech,Germany,138704,1803,1.2998904141192755,0.86,1550.58,119,13.030084033613445,10297.42,6.641011750441771
2024-10-08,Google Ads,Video,EdTech,UK,120475,7794,6.469391990039427,0.7799999999999999,6079.32,530,11.470415094339621,143639.1,23.62749452241369
2024-08-19,Google Ads,Shopping,Healthcare,Germany,125019,8251,6.599796830881706,3.77,31106.27,609,51.077619047619045,135443.82,4.354228906262307
2024-12-11,Meta Ads,Search,EdTech,USA,198775,3637,1.8297069550999874,1.99,7237.63,235,30.798425531914894,18520.23,2.558880462250764
2024-01-05,TikTok Ads,Video,EdTech,Australia,52059,2956,5.678172842351946,0.5700000000000001,1684.92,29,58.10068965517242,5633.14,3.3432685231346295
2024-05-31,Google Ads,Display,SaaS,USA,183373,7169,3.909517758884896,1.55,11111.95,342,32.49108187134503,18314.28,1.6481607638623281
2024-09-13,Meta Ads,Search,E-commerce,USA,114844,3307,2.879558357423984,2.1,6944.7,123,56.4609756097561,36552.89,5.26342246605325
2024-08-27,Meta Ads,Search,E-commerce,USA,53865,1098,2.0384294068504594,1.28,1405.44,67,20.97671641791045,2545.35,1.8110698428961747
2024-01-07,Google Ads,Video,E-commerce,Germany,25080,1113,4.437799043062201,2.62,2916.06,49,59.51142857142857,2232.61,0.7656255358257376
2024-07-12,TikTok Ads,Search,E-commerce,India,95853,4658,4.85952448019363,0.31,1443.98,92,15.695434782608697,27317.08,18.917907450241692
2024-05-26,Google Ads,Video,SaaS,Canada,27593,896,3.2472003769071867,2.39,2141.44,48,44.61333333333334,8087.57,3.77669698894202
2024-09-11,Meta Ads,Video,EdTech,USA,34949,1324,3.7883773498526425,1.79,2369.96,86,27.557674418604652,9084.22,3.8330689125554858
2024-05-17,TikTok Ads,Shopping,E-commerce,USA,72986,3379,4.629655002329214,1.77,5980.83,188,31.812925531914892,17387.72,2.907241971432059
2024-02-02,Google Ads,Shopping,Healthcare,UAE,149848,9290,6.199615610485291,1.97,18301.3,537,34.080633147113595,106414.01,5.8145601678569285
2024-09-03,Google Ads,Video,SaaS,Australia,143235,3981,2.7793486228924493,1.8299999999999998,7285.23,125,58.281839999999995,27104.75,3.7205071082175856
2024-02-11,TikTok Ads,Video,EdTech,India,157625,9457,5.999682791435369,0.48,4539.36,534,8.50067415730337,147520.8,32.49814951887491
2024-11-28,Meta Ads,Search,Fintech,India,172816,3819,2.2098648273308026,2.14,8172.66,193,42.34538860103627,41926.28,5.130065364275524
2024-12-14,TikTok Ads,Video,E-commerce,UK,56529,4494,7.949901820304622,1.51,6785.94,104,65.24942307692308,9525.68,1.4037377283029324
2024-04-13,TikTok Ads,Shopping,EdTech,USA,176030,13079,7.4299835255354205,1.51,19749.29,200,98.74645000000001,41247.07,2.0885343219933477
2024-11-03,Meta Ads,Search,SaaS,Canada,128355,1758,1.369638892135094,1.86,3269.88,122,26.802295081967213,6205.33,1.8977240755012414
2024-09-25,Google Ads,Video,Fintech,USA,14096,476,3.376844494892168,1.2899999999999998,614.04,34,18.06,3175.83,5.17202462380301
2024-04-02,Google Ads,Video,SaaS,USA,31855,1411,4.429445926856067,1.7,2398.7,60,39.97833333333333,3201.45,1.3346604410722476
2024-02-19,Google Ads,Search,EdTech,UAE,95218,2199,2.3094372912684578,2.3899999999999997,5255.61,103,51.02533980582524,17399.72,3.310694667222264
2024-02-06,Google Ads,Shopping,E-commerce,Germany,102409,3389,3.309279457860149,3.58,12132.62,149,81.42697986577181,31253.87,2.576019853914488
2024-09-12,Google Ads,Search,E-commerce,India,31049,1021,3.2883506715192112,3.31,3379.51,31,109.01645161290324,7117.65,2.1061189344017324
2024-09-19,TikTok Ads,Search,Healthcare,Germany,129077,4065,3.1492829861245615,1.22,4959.3,295,16.811186440677968,44193.52,8.91124150585768
2024-09-20,Meta Ads,Shopping,E-commerce,Germany,166874,6641,3.9796493162505846,0.68,4515.88,200,22.5794,17225.95,3.814527843963967
2024-02-13,Google Ads,Search,SaaS,Australia,153865,5785,3.75978942579534,1.7,9834.5,139,70.75179856115108,16979.34,1.7265077024759774
2024-11-07,TikTok Ads,Display,Healthcare,UK,187199,12036,6.429521525221822,1.3299999999999998,16007.88,946,16.921649048625792,165825.37,10.358983825465959
2024-06-27,Meta Ads,Video,SaaS,UK,117696,4531,3.8497485046220774,1.09,4938.79,325,15.196276923076923,19270.73,3.901913221659556
2024-10-19,Meta Ads,Search,Healthcare,Canada,147324,1325,0.8993782411555483,1.72,2279.0,96,23.739583333333332,10356.84,4.54446687143484
2024-08-04,Google Ads,Video,Fintech,Australia,39001,1450,3.7178533883746567,2.62,3799.0,18,211.05555555555554,5256.07,1.3835404053698341
2024-01-03,TikTok Ads,Search,Healthcare,USA,69277,5057,7.2996809908050295,1.06,5360.42,268,20.001567164179104,57608.77,10.747062730159204
2024-04-10,Google Ads,Search,E-commerce,USA,166687,11384,6.8295667928512716,0.73,8310.32,899,9.243959955506117,139644.2,16.803709123114395
2024-12-02,Meta Ads,Video,E-commerce,Canada,173898,5321,3.0598396761319853,0.53,2820.13,239,11.799707112970712,52181.09,18.503079645264577
2024-05-31,Google Ads,Display,SaaS,Canada,117000,7979,6.81965811965812,1.47,11729.13,366,32.04680327868852,14373.81,1.2254796391548222
2024-10-25,Meta Ads,Shopping,SaaS,UK,55697,957,1.7182253981363451,0.91,870.87,12,72.5725,1673.31,1.9214234041820248
2024-07-03,Google Ads,Display,Fintech,UK,46585,1504,3.2285070301599226,2.2,3308.8,85,38.927058823529414,13372.82,4.041592117988395
2024-08-14,TikTok Ads,Search,E-commerce,Germany,97345,5178,5.319225435307412,0.61,3158.58,289,10.929342560553634,44113.49,13.96624115900183
2024-06-18,TikTok Ads,Video,E-commerce,India,143519,10519,7.329343153171357,0.86,9046.34,673,13.44181277860327,28878.71,3.1923087126948575
2024-05-01,Meta Ads,Display,E-commerce,Canada,68843,633,0.919483462370902,0.89,563.37,25,22.5348,2441.19,4.333191330741786
2024-03-27,Google Ads,Display,Fintech,USA,129679,5848,4.5095967735716656,1.4800000000000002,8655.04,158,54.77873417721519,32419.87,3.745779337819351
2024-01-31,Meta Ads,Search,Fintech,UK,153157,5498,3.5897804213976507,1.8,9896.4,401,24.67930174563591,90694.52,9.16439513358393
2024-08-21,Meta Ads,Display,E-commerce,Canada,138074,3313,2.3994379825311065,1.91,6327.83,209,30.2766985645933,16533.53,2.612827778243094
2024-11-16,Google Ads,Shopping,SaaS,Germany,119132,3466,2.909377832991975,2.19,7590.54,261,29.082528735632184,30598.06,4.031078157812225
2024-05-05,Google Ads,Video,E-commerce,Canada,43634,1937,4.439198789934455,2.3800000000000003,4610.06,58,79.48379310344828,15065.19,3.267894561025236
2024-06-27,Meta Ads,Shopping,Fintech,USA,198899,2923,1.4695900934645223,1.9700000000000002,5758.31,95,60.613789473684214,3750.0,0.6512327401616099
2024-05-15,Meta Ads,Video,SaaS,Germany,143383,3412,2.3796405431606256,1.02,3480.24,117,29.745641025641024,19100.2,5.488184722892675
2024-02-06,Meta Ads,Video,E-commerce,UAE,92469,2487,2.689550011355157,0.6,1492.2,48,31.087500000000002,14164.35,9.492259750703658
2024-11-09,Google Ads,Shopping,SaaS,Germany,30852,684,2.2170361726954493,1.5899999999999999,1087.56,11,98.8690909090909,2813.84,2.5872963330758765
2024-11-16,Meta Ads,Search,Healthcare,Germany,87565,3213,3.6692742534117513,2.2,7068.6,106,66.68490566037737,13715.98,1.9404096992332285
2024-12-11,Google Ads,Shopping,EdTech,UK,154058,3728,2.419867841981591,2.46,9170.88,125,73.36703999999999,7520.81,0.8200750636798214
2024-06-14,Google Ads,Display,SaaS,India,160579,7804,4.859913189146775,1.36,10613.44,193,54.9919170984456,9996.49,0.9418708731570536
2024-10-24,TikTok Ads,Search,SaaS,UAE,34076,1363,3.9998826153304377,1.14,1553.82,16,97.11375,2219.67,1.4285245395219524
2024-05-29,TikTok Ads,Shopping,Healthcare,Germany,37261,1591,4.26988003542578,1.08,1718.28,40,42.957,8930.04,5.197080801731965
2024-02-16,Meta Ads,Shopping,Fintech,USA,178553,7213,4.039696896719742,2.28,16445.64,556,29.578489208633094,50559.85,3.0743619585495
2024-03-06,Meta Ads,Search,Healthcare,Australia,132390,2780,2.0998564846287486,1.01,2807.8,133,21.111278195488723,39444.5,14.04818719282
2024-08-17,TikTok Ads,Search,Healthcare,Australia,166446,7822,4.699422034774041,1.15,8995.3,218,41.262844036697246,21100.54,2.3457294364834973
2024-10-30,TikTok Ads,Shopping,EdTech,Germany,158807,5859,3.6893839692205006,0.5700000000000001,3339.63,73,45.748356164383566,7304.51,2.187221338890835
2024-10-18,Meta Ads,Video,EdTech,Australia,66265,1881,2.838602580547801,2.04,3837.24,76,50.489999999999995,2782.02,0.7250054726834912
2024-02-11,Google Ads,Search,SaaS,UK,137156,5253,3.829945463559742,2.1500000000000004,11293.95,280,40.33553571428572,75085.66,6.648308164990991
2024-12-28,Google Ads,Shopping,Fintech,India,123292,2527,2.049605813840314,3.5500000000000003,8970.85,179,50.116480446927376,36566.56,4.076153318804795
2024-08-07,TikTok Ads,Display,Fintech,UK,68642,3363,4.899332770024183,0.37,1244.31,37,33.629999999999995,8887.57,7.142568973969509
2024-02-20,Google Ads,Shopping,SaaS,Canada,147727,7534,5.09994787682685,2.33,17554.22,206,85.21466019417477,23788.98,1.355171576976932
2024-03-10,TikTok Ads,Search,E-commerce,Australia,179818,11724,6.5199257026549065,1.03,12075.72,880,13.72240909090909,242039.99,20.043524526901916
2024-10-25,Google Ads,Display,Fintech,Australia,158481,6053,3.819385289088282,1.63,9866.39,116,85.05508620689655,30091.81,3.0499311298256
2024-06-10,TikTok Ads,Search,Fintech,India,12784,1055,8.252503128911139,0.38,400.9,67,5.983582089552239,12031.35,30.010850586181096
2024-12-11,Meta Ads,Video,EdTech,Australia,117169,3304,2.81985849499441,1.27,4196.08,83,50.55518072289156,20949.79,4.992705096185011
2024-01-17,Meta Ads,Video,EdTech,Germany,190928,5078,2.6596413307634292,1.4500000000000002,7363.1,186,39.586559139784946,47430.11,6.4415952519998365
2024-12-12,Google Ads,Search,E-commerce,India,38512,1840,4.777731616119651,1.3399999999999999,2465.6,53,46.52075471698113,3324.76,1.3484587929915641
2024-02-11,Meta Ads,Video,SaaS,UAE,92986,2082,2.2390467382186565,1.73,3601.86,108,33.35055555555556,6838.55,1.898616270482473
2024-04-29,Meta Ads,Search,Healthcare,UAE,80589,1160,1.4394023998312424,0.95,1102.0,75,14.693333333333333,21781.43,19.765362976406532
2024-07-19,Meta Ads,Display,EdTech,India,140475,5043,3.5899626268019222,2.04,10287.72,327,31.46091743119266,96504.49,9.380551764628121
2024-09-09,Google Ads,Video,E-commerce,Canada,103348,1891,1.8297402949258814,1.54,2912.14,30,97.07133333333333,1064.02,0.3653739174627594
2024-01-17,Meta Ads,Search,EdTech,Australia,100343,3461,3.4491693491324757,1.08,3737.88,259,14.431969111969112,51755.16,13.846126681434397
2024-07-21,TikTok Ads,Display,SaaS,UAE,179039,14663,8.189835734113798,1.36,19941.68,1151,17.325525629887053,281693.26,14.125853990235527
2024-04-20,Meta Ads,Display,SaaS,UK,13100,186,1.4198473282442747,1.5,279.0,10,27.9,1347.41,4.829426523297491
2024-02-04,Google Ads,Search,EdTech,UAE,167198,5132,3.069414705917535,2.31,11854.92,120,98.791,19874.34,1.6764634430261867
2024-09-08,Meta Ads,Video,E-commerce,UK,35755,672,1.8794574185428612,2.0100000000000002,1350.72,39,34.63384615384616,1411.24,1.044805733238569
2024-04-17,Google Ads,Display,E-commerce,Germany,177420,7646,4.309547965280126,2.42,18503.32,478,38.709874476987444,110744.54,5.985117265442093
2024-02-21,Google Ads,Search,SaaS,UAE,195067,9129,4.6799304854229575,0.95,8672.55,128,67.754296875,24006.78,2.7681339398446823
2024-01-30,Google Ads,Display,EdTech,USA,44435,1453,3.269944863283448,2.68,3894.04,48,81.12583333333333,6345.04,1.6294234265698349
2024-04-04,TikTok Ads,Search,SaaS,UAE,57448,2338,4.069767441860465,0.5,1169.0,143,8.174825174825175,25654.56,21.94573139435415
2024-01-06,Google Ads,Video,E-commerce,UK,139158,3061,2.199657942770089,1.27,3887.47,118,32.94466101694915,15835.46,4.07346166015429
2024-02-29,Meta Ads,Display,Healthcare,Germany,148463,4810,3.2398644780180916,2.11,10149.1,286,35.486363636363635,68709.26,6.769985515957079
2024-01-27,Meta Ads,Search,E-commerce,Australia,30123,554,1.83912624904558,1.78,986.12,15,65.74133333333333,2874.83,2.9152942846712366
2024-01-05,Meta Ads,Shopping,E-commerce,USA,139257,2631,1.8893125659751395,1.6099999999999999,4235.91,99,42.7869696969697,9781.28,2.3091331024502413
2024-07-06,Google Ads,Search,Healthcare,Germany,103053,2607,2.5297662367907776,2.19,5709.33,194,29.429536082474225,39533.49,6.924365906332266
2024-02-29,Google Ads,Display,Fintech,Canada,44140,2101,4.759855006796557,1.05,2206.05,55,40.11000000000001,6735.72,3.053294349629428
2024-07-04,Meta Ads,Display,SaaS,India,88698,1073,1.209722879884552,0.9199999999999999,987.16,43,22.95720930232558,5727.99,5.802494023258641
2024-01-12,Meta Ads,Display,EdTech,Canada,182011,1911,1.049936542296894,0.5499999999999999,1051.05,35,30.029999999999998,3848.31,3.661395747110033
2024-01-20,TikTok Ads,Display,Fintech,India,29180,1464,5.0171350239890335,0.53,775.92,59,13.151186440677966,11729.57,15.11698370966079
2024-01-13,Meta Ads,Video,E-commerce,UK,138686,2621,1.8898807377817517,1.52,3983.92,195,20.430358974358974,52398.49,13.152495532038795
2024-09-22,Google Ads,Search,Fintech,India,181976,7752,4.259902404712709,1.72,13333.44,255,52.288000000000004,75491.87,5.661844955240357
2024-12-10,Google Ads,Shopping,Healthcare,UK,103902,3927,3.779523012069065,1.16,4555.32,215,21.18753488372093,37434.38,8.217727843488493
2024-04-05,TikTok Ads,Display,SaaS,Canada,132081,10051,7.609724335824229,0.71,7136.21,229,31.162489082969433,62261.45,8.724722226503983
2024-05-18,Meta Ads,Video,E-commerce,UK,25077,341,1.359811779718467,0.42,143.22,5,28.644,779.52,5.442815249266862
2024-04-16,Meta Ads,Video,E-commerce,UAE,113987,3579,3.1398317351978733,0.76,2720.04,229,11.877903930131005,31787.48,11.686401670563669
2024-03-20,Meta Ads,Shopping,Fintech,Canada,14705,363,2.468548112886773,0.9400000000000001,341.22,4,85.305,738.37,2.1639118457300275
2024-06-02,Google Ads,Search,EdTech,USA,16955,440,2.5951046888823357,1.8199999999999998,800.8,30,26.69333333333333,3274.44,4.088961038961039
2024-09-22,Meta Ads,Display,E-commerce,India,127082,2452,1.9294628664956484,2.1799999999999997,5345.36,53,100.85584905660377,8408.45,1.573037176167742
2024-02-13,Meta Ads,Video,E-commerce,India,57299,1186,2.069844150857781,1.3499999999999999,1601.1,25,64.044,5383.27,3.362232215351946
2024-06-19,Meta Ads,Shopping,Fintech,Australia,134986,4346,3.2195931429926063,1.63,7083.98,149,47.543489932885905,28100.44,3.966758799431958
2024-07-22,Google Ads,Display,E-commerce,Australia,12546,725,5.7787342579308145,1.45,1051.25,43,24.447674418604652,2269.78,2.15912485136742
2024-05-27,Google Ads,Search,Fintech,Canada,161554,6252,3.8699134654666554,3.05,19068.6,361,52.82160664819944,57767.01,3.0294311066360406
2024-01-25,Meta Ads,Search,Healthcare,India,27499,728,2.64736899523619,1.07,778.96,17,45.821176470588235,3860.75,4.956287871007497
2024-12-20,TikTok Ads,Display,EdTech,India,153936,5895,3.829513564078578,0.89,5246.55,373,14.065817694369974,85268.07,16.252217171283988
2024-04-07,TikTok Ads,Display,E-commerce,Germany,41232,1859,4.508634070624757,1.06,1970.54,126,15.639206349206349,22069.99,11.199970566443717
2024-02-16,Meta Ads,Video,Healthcare,Canada,133088,5243,3.9394986775667227,1.68,8808.24,226,38.97451327433628,48389.85,5.493702487670635
2024-04-18,Meta Ads,Search,SaaS,Australia,33082,340,1.027749229188078,1.8599999999999999,632.4,9,70.26666666666667,2116.06,3.346078431372549
2024-04-16,Meta Ads,Display,Fintech,Germany,179504,5026,2.7999376058472234,1.1099999999999999,5578.86,203,27.48206896551724,10121.88,1.8143276583388004
2024-06-11,Meta Ads,Shopping,Healthcare,USA,16344,534,3.267254038179148,0.9,480.6,11,43.690909090909095,465.35,0.9682688306283812
2024-03-05,TikTok Ads,Display,E-commerce,Canada,196312,12642,6.439748971025715,1.28,16181.76,584,27.70849315068493,148695.91,9.189106129370353
2024-10-31,TikTok Ads,Shopping,E-commerce,USA,17626,1113,6.3145353455123105,0.54,601.02,50,12.0204,2568.51,4.273584905660377
2024-05-22,Meta Ads,Shopping,SaaS,Germany,46603,955,2.04922429886488,0.6900000000000001,658.95,23,28.650000000000002,2614.49,3.9676606722816596
2024-01-28,Meta Ads,Search,EdTech,UAE,113878,3678,3.229772212367622,0.92,3383.76,216,15.665555555555557,62162.63,18.37087441189682
2024-05-24,Meta Ads,Display,E-commerce,Canada,196354,2945,1.4998421218819071,1.1099999999999999,3268.95,177,18.46864406779661,7478.3,2.2876764710381012
2024-07-25,Meta Ads,Video,EdTech,Australia,62194,2039,3.278451297552819,1.84,3751.76,129,29.08341085271318,23854.38,6.358183892359852
2024-11-17,TikTok Ads,Shopping,Healthcare,Germany,56069,2949,5.259590861260232,0.85,2506.65,150,16.711000000000002,29064.28,11.59486964673967
2024-07-18,Meta Ads,Search,EdTech,UAE,18706,458,2.4484122741366408,0.44,201.52,35,5.757714285714286,7330.28,36.37495037713378
2024-03-22,TikTok Ads,Video,SaaS,Canada,49390,3368,6.819194168860093,1.65,5557.2,195,28.498461538461537,57395.9,10.328204851363997
2024-07-19,Google Ads,Shopping,Fintech,India,23773,461,1.939174693980566,1.6,737.6,5,147.52,642.97,0.8717055314533623
2024-09-03,Meta Ads,Search,E-commerce,Canada,19959,586,2.936018838619169,1.9900000000000002,1166.14,17,68.5964705882353,4432.12,3.8006757336168895
2024-01-30,Meta Ads,Display,Fintech,UAE,166155,6048,3.639974722397761,1.46,8830.08,260,33.96184615384615,28494.38,3.2269673660940787
2024-02-28,TikTok Ads,Shopping,SaaS,UAE,50819,3206,6.308664082331411,0.95,3045.7,222,13.71936936936937,24319.42,7.984837639951407
2024-08-28,Google Ads,Display,Healthcare,UK,15796,301,1.90554570777412,1.91,574.91,17,33.81823529411764,1137.71,1.9789358334347986
2024-02-24,TikTok Ads,Display,E-commerce,India,133422,8458,6.339284375890034,0.8200000000000001,6935.56,663,10.460874811463047,111531.65,16.08113115595568
2024-04-28,Meta Ads,Video,EdTech,Germany,181026,2769,1.5296145305094295,1.06,2935.14,155,18.936387096774194,18246.01,6.2164019433485285
2024-03-17,Meta Ads,Shopping,E-commerce,Germany,57784,907,1.569638654298768,1.21,1097.47,54,20.32351851851852,2856.1,2.602440157817526
2024-06-22,Meta Ads,Search,E-commerce,India,81023,1944,2.399318711970675,1.3099999999999998,2546.64,146,17.442739726027398,32752.99,12.861256400590584
2024-07-08,Google Ads,Shopping,EdTech,USA,93623,6319,6.749409867233479,1.25,7898.75,83,95.16566265060241,20925.73,2.649245766735243
2024-05-12,TikTok Ads,Search,EdTech,Germany,118483,8826,7.449169923111332,1.69,14915.94,570,26.168315789473684,139364.5,9.343326669321545
2024-04-30,Google Ads,Shopping,Healthcare,UAE,155018,9146,5.899960004644623,2.96,27072.16,495,54.69123232323232,33297.83,1.2299657655687615
2024-11-03,Google Ads,Search,EdTech,Canada,13614,744,5.464962538563244,2.9699999999999998,2209.68,54,40.919999999999995,11111.12,5.028384200427212
2024-12-16,Google Ads,Display,SaaS,Australia,7594,225,2.962865420068475,1.19,267.75,7,38.25,1275.11,4.762315592903827
2024-08-16,TikTok Ads,Search,E-commerce,Australia,161640,5916,3.659985152190052,0.46,2721.36,445,6.115415730337079,30797.18,11.31683422994385
2024-12-23,Google Ads,Video,E-commerce,UAE,83845,2599,3.0997674279921283,2.69,6991.31,137,51.0314598540146,29891.75,4.2755577996112315
2024-05-17,Google Ads,Display,Healthcare,Germany,195610,9956,5.089719339502071,2.37,23595.72,401,58.84219451371571,116291.87,4.928515425678894
2024-09-14,Google Ads,Display,Healthcare,UAE,63812,2686,4.20923964144675,2.98,8004.28,84,95.28904761904762,6979.61,0.8719847381650817
2024-08-28,Google Ads,Video,Fintech,UAE,33794,1030,3.0478783215955496,1.75,1802.5,25,72.1,1849.39,1.02601386962552
2024-06-15,Meta Ads,Shopping,Fintech,India,130056,3537,2.719597711754936,0.58,2051.46,207,9.910434782608696,27550.99,13.429942577481404
2024-12-29,Google Ads,Shopping,SaaS,Canada,149438,3287,2.1995744054390447,3.73,12260.51,153,80.1340522875817,8351.95,0.6812073885996587
2024-01-17,Meta Ads,Shopping,Healthcare,Canada,185750,1653,0.8899057873485869,1.3,2148.9,34,63.20294117647059,2916.11,1.3570245241751593
2024-07-29,Meta Ads,Video,SaaS,India,24750,747,3.018181818181818,1.19,888.93,48,18.519375,1738.76,1.9560145343277875
2024-11-16,TikTok Ads,Shopping,Fintech,UK,66262,3790,5.719718692463252,1.07,4055.3,150,27.035333333333334,24443.12,6.027450496880625
2024-05-09,TikTok Ads,Video,E-commerce,UK,126854,7243,5.70971352893878,0.8099999999999999,5866.83,474,12.377278481012658,55705.28,9.494953833671676
2024-09-19,Meta Ads,Video,EdTech,Canada,32559,553,1.6984551122577476,0.71,392.63,6,65.43833333333333,1500.74,3.8222754247000994
2024-07-27,Google Ads,Search,SaaS,UAE,85729,1757,2.049481505674859,3.02,5306.14,90,58.95711111111112,21584.82,4.067894929270619
2024-12-08,Meta Ads,Shopping,E-commerce,India,126432,1567,1.239401417362693,1.6500000000000001,2585.55,110,23.505000000000003,31358.68,12.128436889636633
2024-03-28,Meta Ads,Search,Fintech,UK,196595,2614,1.329637071136092,0.38,993.32,28,35.47571428571429,6376.7,6.419582813192123
2024-09-24,Meta Ads,Search,E-commerce,UK,14028,342,2.4379811804961506,1.89,646.38,7,92.34,716.51,1.1084965500170179
2024-03-21,Google Ads,Display,Healthcare,Canada,77964,2915,3.738905135703658,3.3800000000000003,9852.7,161,61.19689440993789,14283.0,1.4496533945009997
2024-04-12,Google Ads,Search,Fintech,UK,102677,3131,3.0493684077251966,3.67,11490.77,79,145.4527848101266,13056.26,1.1362389117526501
2024-12-29,Google Ads,Search,Fintech,Germany,137737,3925,2.8496337222387593,0.9,3532.5,78,45.28846153846154,11545.1,3.26825194621373
2024-05-05,Google Ads,Shopping,EdTech,USA,93534,3544,3.788996514636389,0.9500000000000001,3366.8,187,18.00427807486631,32280.5,9.587887608411547
2024-06-17,Google Ads,Video,Fintech,Australia,127475,7342,5.759560698176113,2.34,17180.28,574,29.93080139372822,74747.49,4.350772513602806
2024-09-09,Google Ads,Display,SaaS,USA,82700,2679,3.2394195888754536,0.86,2303.94,140,16.456714285714288,20788.45,9.02299973089577
2024-05-19,TikTok Ads,Shopping,E-commerce,UK,96432,7155,7.41973618715779,0.35,2504.25,336,7.453125,47954.95,19.14942597584107
2024-12-06,TikTok Ads,Shopping,SaaS,USA,154656,6557,4.23973205048624,0.4,2622.8,345,7.602318840579711,49646.11,18.928667835900562
2024-06-22,Google Ads,Video,Healthcare,UK,115415,3866,3.3496512585019276,3.29,12719.14,280,45.4255,61322.57,4.821282728234771
2024-09-14,Google Ads,Search,E-commerce,Canada,157963,5607,3.5495654045567635,0.88,4934.16,205,24.069073170731706,50937.22,10.3233822981014
2024-06-06,Meta Ads,Video,Fintech,Canada,133684,2018,1.5095299362676162,1.72,3470.96,44,78.88545454545455,11449.27,3.2985888630234865
2024-01-05,Google Ads,Shopping,Healthcare,UAE,20091,956,4.758349509730725,3.41,3259.96,36,90.55444444444444,9230.05,2.8313384213303228
2024-12-19,Google Ads,Display,E-commerce,Canada,126946,6728,5.299891292360531,2.31,15541.68,132,117.74000000000001,34256.99,2.204201218915844
2024-12-30,TikTok Ads,Search,Healthcare,Germany,8311,476,5.727349296113585,1.61,766.36,18,42.57555555555555,1064.02,1.3884075369278146
2024-04-26,Google Ads,Video,Healthcare,UK,140091,7242,5.169496969826755,2.52,18249.84,347,52.59319884726225,24525.17,1.3438567132643353
2024-05-16,TikTok Ads,Shopping,E-commerce,Canada,140121,4778,3.4099100063516534,0.86,4109.08,291,14.120549828178694,84859.67,20.65174442940999
2024-07-31,Meta Ads,Display,Fintech,UK,159301,6738,4.22972862693894,2.18,14688.84,302,48.63854304635762,57570.61,3.919343528828689
2024-01-16,TikTok Ads,Shopping,SaaS,Germany,88940,4384,4.92916572970542,0.32,1402.88,66,21.255757575757578,10447.12,7.446909215328467
2024-08-04,Meta Ads,Search,Fintech,Canada,194287,5032,2.5899828604075417,0.85,4277.2,338,12.654437869822484,32920.35,7.696705788833817
2024-02-08,TikTok Ads,Search,Healthcare,India,17911,1148,6.409469041371224,1.1500000000000001,1320.2,52,25.388461538461538,3388.21,2.56643690349947
2024-07-22,Meta Ads,Display,SaaS,UK,9909,170,1.715612069835503,1.8599999999999999,316.2,10,31.619999999999997,1238.47,3.9167299177735613
2024-01-18,TikTok Ads,Search,E-commerce,India,168616,6508,3.8596574465056697,1.02,6638.16,508,13.067244094488188,151081.09,22.759483049519748
2024-09-29,Meta Ads,Shopping,Healthcare,Germany,139346,4096,2.9394456963242575,0.62,2539.52,236,10.760677966101694,12521.54,4.930671938004033
2024-03-15,Meta Ads,Search,Fintech,UK,98740,1589,1.6092768887988658,2.0900000000000003,3321.01,47,70.65978723404255,5063.31,1.5246295554665599
2024-06-02,TikTok Ads,Video,EdTech,India,26471,1890,7.13988893506101,0.94,1776.6,74,24.008108108108107,21647.86,12.184993808398065
2024-07-25,Meta Ads,Display,Healthcare,USA,174048,3846,2.209735245449531,1.74,6692.04,75,89.2272,18304.27,2.7352302138062536
2024-04-01,Meta Ads,Search,Healthcare,Australia,8877,230,2.5909654162442264,0.76,174.8,9,19.422222222222224,1921.06,10.990045766590388
2024-05-13,Meta Ads,Shopping,EdTech,Germany,32488,919,2.8287367643437578,1.9300000000000002,1773.67,32,55.4271875,7341.13,4.138949184459341
2024-11-10,Google Ads,Search,Healthcare,USA,77968,3001,3.8490149805048226,2.85,8552.85,193,44.31528497409327,31448.71,3.676986033895134
2024-07-31,TikTok Ads,Video,Fintech,UAE,10156,474,4.667191807798346,0.31,146.94,29,5.066896551724138,1480.61,10.07628964203076
2024-03-23,Meta Ads,Display,Fintech,UK,63676,1757,2.7592813618945913,1.16,2038.12,137,14.876788321167883,8830.01,4.332428905069378
2024-06-29,Google Ads,Video,EdTech,UAE,93545,2974,3.179218557913304,1.1600000000000001,3449.84,58,59.480000000000004,4267.11,1.2369008417781693
2024-02-18,Meta Ads,Display,EdTech,India,8671,156,1.7991004497751124,1.46,227.76,7,32.537142857142854,1461.2,6.415525114155251
2024-04-06,Meta Ads,Video,Fintech,USA,95930,1554,1.6199311998332115,0.7200000000000001,1118.88,62,18.046451612903226,5774.95,5.161366723866723
2024-07-23,Google Ads,Display,E-commerce,Australia,73683,3757,5.098869481427195,3.32,12473.24,131,95.21557251908396,33721.52,2.7035092726508907
2024-07-17,Meta Ads,Shopping,SaaS,India,152932,6591,4.309758585515131,1.25,8238.75,200,41.19375,14211.23,1.7249255044758003
2024-03-01,TikTok Ads,Shopping,SaaS,UAE,125354,6179,4.929240391212087,0.35000000000000003,2162.65,259,8.35,9238.12,4.27166670519964
2024-09-06,Google Ads,Shopping,E-commerce,Canada,193613,9157,4.729537789301339,2.79,25548.03,458,55.78172489082969,127981.37,5.00944182389014
2024-11-25,Google Ads,Display,EdTech,Australia,158138,2846,1.7996939382058708,2.04,5805.84,143,40.60027972027972,22164.01,3.8175371694707394
2024-06-28,Google Ads,Video,Healthcare,UAE,134814,2804,2.079902680730488,1.9100000000000001,5355.64,195,27.464820512820513,46646.16,8.709726568626719
2024-02-19,Google Ads,Search,E-commerce,Australia,102366,2589,2.5291600726803822,1.59,4116.51,148,27.81425675675676,35080.15,8.521818239236636
2024-05-24,Meta Ads,Display,Healthcare,Canada,159044,2385,1.4995850204974726,1.65,3935.25,184,21.387228260869566,35387.51,8.992442665650213
2024-04-22,TikTok Ads,Shopping,EdTech,USA,35932,1440,4.007569854168986,0.91,1310.4,68,19.27058823529412,16668.75,12.720352564102564
2024-04-01,TikTok Ads,Display,EdTech,Australia,116561,4231,3.6298590437624934,1.0,4231.0,172,24.598837209302324,42291.58,9.99564641928622
2024-07-07,Meta Ads,Shopping,Fintech,Australia,8608,100,1.161710037174721,0.58,58.0,3,19.333333333333332,661.12,11.398620689655173
2024-08-19,Meta Ads,Search,E-commerce,UAE,19284,642,3.3291848164281266,1.57,1007.94,21,47.99714285714286,5907.29,5.860755600531777
2024-03-07,Meta Ads,Display,Fintech,India,161764,2652,1.6394253356741921,0.99,2625.48,76,34.54578947368421,16956.51,6.458441884912473
2024-12-11,TikTok Ads,Video,Fintech,Germany,116045,6660,5.739152914817527,0.35,2331.0,467,4.991434689507495,76092.65,32.64377949377949
2024-06-06,Meta Ads,Shopping,E-commerce,UK,61395,2038,3.3194885577001383,2.3600000000000003,4809.68,102,47.15372549019608,16290.15,3.3869508990203085
2024-04-02,Google Ads,Shopping,EdTech,UAE,119183,5041,4.229630064690434,3.3800000000000003,17038.58,121,140.81471074380167,25438.17,1.4929747666765656
2024-10-04,Meta Ads,Search,E-commerce,UAE,26747,1099,4.10887202303062,1.14,1252.86,36,34.80166666666666,5626.79,4.491156234535383
2024-12-16,Meta Ads,Display,EdTech,Germany,157898,3094,1.9594928371480322,2.39,7394.66,245,30.182285714285715,72430.36,9.79495473760795
2024-06-27,Meta Ads,Search,Healthcare,USA,49456,801,1.6196214817211256,1.8599999999999999,1489.86,50,29.797199999999997,4108.2,2.757440296403689
2024-02-17,Google Ads,Video,SaaS,Canada,150213,5242,3.4897112766538183,3.15,16512.3,332,49.73584337349397,64497.69,3.9060391344634002
2024-01-07,Google Ads,Shopping,EdTech,USA,73305,3635,4.958734056339949,2.48,9014.8,47,191.80425531914892,2210.35,0.24519124107024007
2024-06-22,TikTok Ads,Display,Fintech,UK,187663,10790,5.749668288367979,0.6900000000000001,7445.1,121,61.529752066115705,18190.79,2.4433237968596795
2024-10-31,TikTok Ads,Display,Healthcare,USA,85066,5903,6.939317706251616,1.3,7673.9,465,16.503010752688173,85397.14,11.128258121685192
2024-02-05,Google Ads,Shopping,EdTech,USA,12045,255,2.1170610211706102,2.02,515.1,4,128.775,161.02,0.312599495243642
2024-05-08,Google Ads,Video,Fintech,UAE,77796,3703,4.759884826983392,2.67,9887.01,182,54.32423076923077,43235.35,4.372944904475671
2024-02-05,TikTok Ads,Shopping,Fintech,UK,90443,3789,4.189378945855401,0.57,2159.73,94,22.975851063829786,16003.58,7.409991063697777
2024-03-17,Meta Ads,Display,E-commerce,Canada,52838,660,1.249101025776903,1.78,1174.8,14,83.91428571428571,2258.16,1.9221654749744637
2024-06-13,Meta Ads,Video,E-commerce,Australia,61284,1574,2.568370210821748,1.52,2392.48,32,74.765,3680.82,1.5384956196081054
2024-01-02,Meta Ads,Search,Healthcare,India,163624,4368,2.669535031535716,1.28,5591.04,296,18.888648648648648,31041.33,5.5519778073489015
2024-06-08,Meta Ads,Display,Healthcare,UK,194674,3601,1.849759084418053,1.45,5221.45,165,31.645151515151515,8945.17,1.713158222332877
2024-09-17,Meta Ads,Search,Healthcare,India,15485,196,1.2657410397158542,1.5399999999999998,301.84,8,37.73,362.78,1.2018950437317784
2024-03-17,Google Ads,Search,Fintech,Germany,138154,9518,6.889413263459618,2.2199999999999998,21129.96,534,39.569213483146065,24562.44,1.1624461191597144
2024-05-29,TikTok Ads,Video,Fintech,USA,76922,2669,3.469748576480071,1.32,3523.08,110,32.028,12940.72,3.673126923033255
2024-08-12,Google Ads,Shopping,EdTech,Germany,13947,718,5.148060514806051,1.5599999999999998,1120.08,44,25.456363636363633,11863.61,10.59175237483037
2024-11-08,Google Ads,Display,EdTech,Germany,199164,6671,3.349500913819767,3.1900000000000004,21280.49,118,180.34313559322035,27461.46,1.290452428492013
2024-09-21,Meta Ads,Shopping,E-commerce,Canada,138018,1683,1.2194061644133374,1.03,1733.49,56,30.955178571428572,8635.5,4.981568973573542
2024-03-03,Meta Ads,Shopping,Fintech,UAE,161408,1581,0.9795053528945281,1.11,1754.91,51,34.410000000000004,6128.54,3.4922246724903268
2024-10-29,TikTok Ads,Shopping,E-commerce,Germany,130811,8895,6.799886859667765,0.32,2846.4,150,18.976,31192.02,10.958410623946037
2024-06-27,Meta Ads,Display,EdTech,UAE,140460,2753,1.959988608856614,0.51,1404.03,87,16.138275862068966,18763.62,13.364116151364287
2024-03-21,Meta Ads,Shopping,EdTech,Canada,119731,2969,2.479725384403371,0.56,1662.64,47,35.37531914893617,11619.48,6.9885723908964055
2024-10-12,Meta Ads,Search,E-commerce,USA,61437,1087,1.7692921203834824,2.23,2424.01,80,30.300125,11780.01,4.859720050659857
2024-08-29,Google Ads,Search,E-commerce,UAE,37827,2072,5.477568932244164,0.8099999999999999,1678.32,133,12.618947368421052,19268.21,11.48065327231994
2024-06-24,Google Ads,Display,SaaS,Germany,180848,5515,3.0495222507298947,3.32,18309.8,362,50.57955801104972,84316.14,4.604973292990639
2024-02-19,Google Ads,Video,Fintech,UAE,30545,1728,5.657227042069078,1.73,2989.44,51,58.616470588235295,3408.09,1.1400429511881824
2024-07-26,TikTok Ads,Shopping,Fintech,UAE,21643,1142,5.27653282816615,1.03,1176.26,81,14.521728395061729,18823.45,16.00279700066312
2024-02-06,Meta Ads,Display,Healthcare,UK,58164,936,1.6092428306168762,0.8799999999999999,823.68,13,63.36,1791.65,2.1751772533022535
2024-04-09,Meta Ads,Shopping,Fintech,UAE,69102,1354,1.9594223032618447,1.61,2179.94,89,24.49370786516854,14410.72,6.610603961576924
2024-08-01,TikTok Ads,Shopping,Fintech,UK,164852,6445,3.9095673695193263,1.64,10569.8,471,22.441188959660295,43233.91,4.090324320233117
2024-10-24,Google Ads,Shopping,Fintech,India,149064,5724,3.8399613588794077,1.32,7555.68,369,20.47609756097561,107029.4,14.165422569510618
2024-07-06,Meta Ads,Shopping,E-commerce,UK,80888,2070,2.559094055978637,0.74,1531.8,71,21.574647887323945,19601.22,12.796200548374463
2024-12-16,Meta Ads,Display,SaaS,USA,21471,753,3.507056029062457,1.7899999999999998,1347.87,28,48.138214285714284,7559.0,5.608107606816682
2024-05-05,Meta Ads,Shopping,Healthcare,India,160182,4901,3.0596446542058406,1.02,4999.02,88,56.80704545454546,22338.67,4.468609847530115
2024-04-01,TikTok Ads,Display,EdTech,Canada,30226,1196,3.956858333884735,1.46,1746.16,12,145.51333333333335,2625.21,1.5034189306821826
2024-07-12,Google Ads,Search,SaaS,Australia,146677,7597,5.179407814449437,1.42,10787.74,186,57.998602150537636,35941.14,3.3316653905266533
2024-06-24,Meta Ads,Shopping,Healthcare,UAE,74859,1661,2.218838082261318,1.3499999999999999,2242.35,101,22.201485148514852,6046.11,2.6963275135460565
2024-05-02,Google Ads,Display,SaaS,Australia,127232,3867,3.0393297283702214,2.9499999999999997,11407.65,177,64.45,6676.28,0.5852458657129207
2024-12-21,Google Ads,Video,SaaS,UK,83243,2821,3.3888735389161853,3.03,8547.63,181,47.22447513812154,43894.09,5.135235147052458
2024-05-20,Meta Ads,Shopping,EdTech,UAE,85846,2274,2.648929478368241,0.43000000000000005,977.82,113,8.653274336283186,8382.57,8.572712769221328
2024-02-03,TikTok Ads,Display,Healthcare,USA,150227,8683,5.779919721488148,1.7,14761.1,315,46.86063492063492,86296.01,5.846177452899851
2024-07-30,Google Ads,Display,Healthcare,Canada,50411,1320,2.6184761262422884,2.6799999999999997,3537.6,49,72.19591836734693,12873.07,3.6389275214834917
2024-01-17,Google Ads,Shopping,Fintech,UK,100552,3861,3.839804280372345,1.9100000000000001,7374.51,57,129.37736842105264,14567.86,1.97543430004163
2024-07-02,Google Ads,Display,Fintech,UAE,32428,603,1.859504132231405,1.61,970.83,47,20.65595744680851,11645.06,11.994952772370032
2024-11-13,Google Ads,Search,Healthcare,USA,84517,1664,1.9688346723144456,2.4,3993.6,91,43.885714285714286,21828.0,5.4657451923076925
2024-03-21,Meta Ads,Shopping,EdTech,Germany,160091,4210,2.6297543272263897,1.07,4504.7,322,13.989751552795031,62914.38,13.966386218838103
2024-06-23,Google Ads,Search,EdTech,UK,158778,7256,4.569902631346912,1.5,10884.0,431,25.25290023201856,17905.23,1.6450964718853363
2024-04-16,Google Ads,Search,Healthcare,Germany,145284,8121,5.589741471875774,2.66,21601.86,503,42.946043737574556,135453.16,6.270439675102051
2024-02-04,Meta Ads,Shopping,E-commerce,Germany,82665,2521,3.0496582592390973,0.64,1613.44,182,8.865054945054945,48413.75,30.006538823879414
2024-07-21,TikTok Ads,Shopping,Fintech,UK,157973,12227,7.739930241243758,0.53,6480.31,540,12.000574074074075,99930.16,15.420583274565567
2024-04-09,TikTok Ads,Display,Fintech,India,48898,3193,6.529919424107325,0.89,2841.77,179,15.875810055865921,27594.33,9.71026156233615
2024-03-08,Google Ads,Search,SaaS,USA,185923,7827,4.209807285811868,3.68,28803.36,215,133.96911627906977,61106.18,2.1214948533782167
2024-08-20,TikTok Ads,Search,Healthcare,Canada,89688,6583,7.33988939434484,0.33999999999999997,2238.22,273,8.198608058608057,36559.47,16.33417179723173
2024-08-15,TikTok Ads,Search,Fintech,Canada,15273,464,3.038040987363321,0.7699999999999999,357.28,24,14.886666666666665,871.3,2.438703537841469
2024-03-10,Google Ads,Shopping,SaaS,Australia,71107,2936,4.128988707159633,2.67,7839.12,215,36.461023255813956,26952.54,3.4382099011113496
2024-06-30,Google Ads,Shopping,SaaS,UAE,79681,2916,3.6595926255945583,2.34,6823.44,184,37.08391304347826,46327.26,6.789428792515213
2024-03-19,Meta Ads,Video,Healthcare,UK,102148,1205,1.1796608842072287,1.31,1578.55,59,26.755084745762712,17697.95,11.21152323334706
2024-06-27,Meta Ads,Search,Fintech,UK,115540,1686,1.4592348970053661,1.58,2663.88,87,30.61931034482759,20354.07,7.640760845083111
2024-06-13,Google Ads,Video,E-commerce,UAE,16766,846,5.0459262793749255,2.46,2081.16,34,61.21058823529411,7254.65,3.48586845797536
2024-02-07,Google Ads,Display,E-commerce,Germany,96931,5844,6.029030960167542,1.1199999999999999,6545.28,297,22.037979797979798,47765.4,7.297686271633911
2024-01-10,Meta Ads,Search,SaaS,UK,175574,6935,3.949901466048504,0.69,4785.15,515,9.291553398058252,69264.33,14.474850318171846
2024-12-08,TikTok Ads,Shopping,EdTech,Australia,175330,8766,4.999714823475731,0.73,6399.18,302,21.18933774834437,35245.68,5.507843192409028
2024-12-30,Google Ads,Shopping,E-commerce,UAE,45225,2211,4.888888888888889,0.91,2012.01,156,12.897499999999999,38495.98,19.13309575996143
2024-09-04,Meta Ads,Shopping,Fintech,India,79992,1055,1.318881888188819,1.52,1603.6,21,76.36190476190475,4912.79,3.0636006485407834
2024-09-17,Meta Ads,Display,EdTech,Australia,23113,228,0.9864578375805823,0.6000000000000001,136.8,17,8.047058823529412,2097.34,15.331432748538012
2024-07-31,Meta Ads,Search,EdTech,Germany,39754,1164,2.9280072445540073,1.35,1571.4,72,21.825000000000003,9221.61,5.868403970981291
2024-08-16,Google Ads,Shopping,SaaS,UAE,89383,5631,6.299855677254064,3.67,20665.77,163,126.78386503067485,35918.24,1.7380547639889536
2024-02-08,TikTok Ads,Search,EdTech,USA,128900,10273,7.969743987587277,0.84,8629.32,238,36.25764705882353,11417.91,1.3231529251435803
2024-08-18,Google Ads,Display,EdTech,Canada,179159,6593,3.6799714220329425,2.23,14702.39,459,32.03135076252723,76527.74,5.205122432475265
2024-03-30,TikTok Ads,Display,SaaS,India,15739,1205,7.656140796746934,0.45999999999999996,554.3,60,9.238333333333333,6092.69,10.991683204041133
2024-03-20,Meta Ads,Shopping,Fintech,Australia,25243,580,2.2976666798716474,1.9800000000000002,1148.4,13,88.33846153846154,3883.09,3.3813044235458025
2024-06-07,TikTok Ads,Video,Fintech,Canada,196745,13240,6.72952298660703,1.6300000000000001,21581.2,761,28.359001314060446,195233.42,9.046458028283878
2024-11-22,Meta Ads,Search,E-commerce,Germany,23186,512,2.208229103769516,2.11,1080.32,26,41.55076923076923,2663.68,2.4656398104265405
2024-10-26,Google Ads,Shopping,SaaS,USA,189480,6290,3.319611568503272,3.55,22329.5,204,109.45833333333333,44620.04,1.9982552229113952
2024-11-11,Meta Ads,Video,Fintech,UK,112518,1597,1.4193284630014753,1.08,1724.76,105,16.426285714285715,25379.08,14.714557387694521
2024-08-12,Google Ads,Video,E-commerce,USA,116789,6586,5.639229721977241,2.69,17716.34,220,80.52881818181818,34309.56,1.936605416242858
2024-04-26,TikTok Ads,Search,SaaS,Germany,42575,2188,5.139166177334116,1.8,3938.4,63,62.51428571428571,13519.27,3.4326807840747513
2024-07-23,TikTok Ads,Video,Fintech,Canada,51557,2882,5.589929592489866,1.25,3602.5,135,26.685185185185187,6028.08,1.6733046495489243
2024-01-06,Meta Ads,Video,Healthcare,Australia,131681,1725,1.3099839764278824,0.79,1362.75,108,12.618055555555555,31291.1,22.96173179233168
2024-05-11,Google Ads,Search,SaaS,Canada,89833,4536,5.049369385415159,3.7399999999999998,16964.64,166,102.19662650602409,42497.44,2.5050599364324855
2024-12-09,Meta Ads,Shopping,Fintech,USA,116161,4379,3.7697678222467093,1.77,7750.83,264,29.359204545454546,18090.29,2.333981005905174
2024-01-09,Google Ads,Search,SaaS,Australia,53544,1670,3.118930225608845,1.41,2354.7,20,117.73499999999999,4659.21,1.9786851828258378
2024-12-13,Meta Ads,Shopping,Fintech,Canada,107126,3631,3.389466609413214,1.08,3921.48,260,15.082615384615385,19151.86,4.883834674663648
2024-10-29,Google Ads,Shopping,EdTech,USA,182395,8517,4.669535897365608,3.45,29383.65,517,56.83491295938105,27133.78,0.9234312279107598
2024-10-15,Meta Ads,Video,SaaS,USA,39253,1122,2.858380251190992,1.25,1402.5,81,17.314814814814813,15452.61,11.01790374331551
2024-02-26,TikTok Ads,Search,E-commerce,Canada,109794,3886,3.5393555203380873,1.61,6256.46,73,85.70493150684932,9808.76,1.5677811414122362
2024-11-09,Google Ads,Video,E-commerce,UAE,27612,963,3.48761408083442,3.3000000000000003,3177.9,75,42.372,12575.02,3.9570219327228675
2024-10-13,Meta Ads,Search,E-commerce,India,61994,1847,2.9793205794109108,0.7999999999999999,1477.6,147,10.051700680272107,5622.21,3.804960747157553
2024-10-05,Google Ads,Search,E-commerce,UAE,48953,2447,4.998672195779625,1.11,2716.17,144,18.862291666666668,17526.62,6.4526962598070075
2024-04-18,Google Ads,Search,E-commerce,Germany,13484,382,2.8329872441412043,1.34,511.88,23,22.25565217391304,1623.76,3.1721497225912323
2024-11-16,TikTok Ads,Display,EdTech,UK,13255,709,5.348924933987174,1.32,935.88,37,25.294054054054055,11059.11,11.816803436337993
2024-11-08,Meta Ads,Video,EdTech,Australia,162889,4658,2.85961605756067,1.11,5170.38,332,15.57343373493976,57094.6,11.042631295958904
2024-10-28,TikTok Ads,Shopping,Healthcare,UAE,21972,1915,8.715638084835245,1.05,2010.75,36,55.854166666666664,2412.15,1.199627004848937
2024-08-20,TikTok Ads,Shopping,SaaS,Canada,186136,13885,7.459599432672884,0.95,13190.75,891,14.804433221099888,133397.7,10.112973106153934
2024-04-28,Google Ads,Display,Healthcare,UAE,135171,5231,3.869912925109676,1.78,9311.18,149,62.491140939597315,19918.92,2.1392476571175725
2024-03-27,Meta Ads,Search,Fintech,India,176656,2897,1.639910334208858,1.87,5417.39,86,62.99290697674419,23130.95,4.269759053714058
2024-02-06,Google Ads,Display,Healthcare,USA,51678,2966,5.739386199156314,2.58,7652.28,192,39.855624999999996,21240.9,2.7757609496777436
2024-08-11,Meta Ads,Search,SaaS,Germany,26491,423,1.5967687139028348,0.9500000000000001,401.85,28,14.351785714285715,3219.77,8.012367798929949
2024-09-15,Meta Ads,Shopping,Healthcare,UK,174862,3846,2.199448708124121,0.45,1730.7,299,5.788294314381271,67036.78,38.73391113422314
2024-10-13,Meta Ads,Video,E-commerce,Germany,77353,1895,2.4498080229596786,1.6900000000000002,3202.55,73,43.87054794520548,9316.26,2.909013130161902
2024-03-17,Meta Ads,Shopping,EdTech,UAE,108726,2968,2.729797840442948,2.3200000000000003,6885.76,49,140.5257142857143,2393.62,0.34761885398271214
2024-06-28,Google Ads,Search,Fintech,UK,196883,10119,5.139600676543937,1.48,14976.12,636,23.54735849056604,121588.49,8.118824501940422
2024-12-23,Google Ads,Search,EdTech,UAE,180627,8074,4.469985107431337,1.58,12756.92,266,47.95834586466165,72041.28,5.647231463393985
2024-02-25,Google Ads,Video,SaaS,India,85196,2572,3.0189210761068597,2.29,5889.88,34,173.23176470588237,8900.58,1.511164913376843
2024-03-18,Google Ads,Video,E-commerce,Australia,74098,1911,2.5790169775162624,2.85,5446.35,91,59.85,9234.96,1.6956236745710427
2024-01-07,TikTok Ads,Search,Healthcare,UK,166711,13670,8.199818848186382,1.5,20505.0,592,34.63682432432432,43676.76,2.130054133138259
2024-09-18,Google Ads,Video,Healthcare,UAE,141501,6452,4.559685090564731,2.9699999999999998,19162.44,193,99.28725388601036,47970.13,2.503341432510682
2024-03-30,Google Ads,Video,Fintech,UAE,81303,4154,5.109282560299127,1.95,8100.3,121,66.94462809917356,35667.19,4.40319370887498
2024-01-13,TikTok Ads,Shopping,SaaS,India,83871,6382,7.609304765652013,1.05,6701.1,196,34.18928571428572,31406.57,4.68677829013147
2024-11-05,Meta Ads,Video,Healthcare,Germany,178013,1886,1.059473184542702,1.14,2150.04,83,25.904096385542168,22320.49,10.381430112928133
2024-09-10,Meta Ads,Search,EdTech,India,160341,2228,1.3895385459738931,0.86,1916.08,70,27.372571428571426,6302.54,3.289288547451046
2024-06-15,Google Ads,Shopping,E-commerce,USA,138135,7721,5.589459586636262,1.6600000000000001,12816.86,112,114.43625,4652.6,0.3630062277344061
2024-10-09,Meta Ads,Display,E-commerce,Germany,72500,1341,1.849655172413793,1.55,2078.55,30,69.28500000000001,5770.13,2.776036179067138
2024-01-28,TikTok Ads,Display,Healthcare,India,104626,9144,8.739701412650776,1.0999999999999999,10058.4,389,25.857069408740358,83739.39,8.325319136244334
2024-11-04,Google Ads,Shopping,Fintech,India,70107,4045,5.7697519505898125,2.7199999999999998,11002.4,203,54.19901477832512,22267.98,2.0239202355849635
2024-02-22,Meta Ads,Search,EdTech,USA,63952,1451,2.2688891668751565,2.2399999999999998,3250.24,86,37.79348837209302,25126.44,7.7306414295559716
2024-04-05,Meta Ads,Shopping,E-commerce,UK,43148,979,2.268934828960786,1.11,1086.69,71,15.30549295774648,7719.69,7.103856665654417
2024-03-06,Google Ads,Shopping,SaaS,UAE,193326,12334,6.379897168513289,1.28,15787.52,715,22.080447552447552,196162.94,12.425190276876926
2024-01-22,Meta Ads,Search,Fintech,USA,80507,2318,2.87925273578695,0.71,1645.78,119,13.830084033613446,23887.12,14.514163496943699
2024-01-27,Meta Ads,Search,Fintech,Canada,128556,4910,3.8193472105541555,0.88,4320.8,55,78.56,10684.27,2.472752730975745
2024-08-10,Meta Ads,Search,Healthcare,UK,29055,912,3.1388745482705214,1.4700000000000002,1340.64,41,32.69853658536586,6404.23,4.776994569757727
2024-04-03,Meta Ads,Video,SaaS,UAE,172517,3191,1.8496727858703779,1.81,5775.71,96,60.163645833333334,13225.69,2.2898812440375296
2024-01-18,Meta Ads,Video,Fintech,Canada,84712,1473,1.7388327509679855,2.27,3343.71,74,45.18527027027027,3310.43,0.9900469837396185
2024-12-02,Google Ads,Video,Fintech,India,115760,2558,2.2097442985487215,3.1900000000000004,8160.02,164,49.75621951219512,37092.55,4.5456444959693725
2024-04-16,Google Ads,Search,Fintech,Germany,187831,7306,3.889666774920008,1.3699999999999999,10009.22,321,31.1813707165109,91963.37,9.1878657877437
2024-01-18,Meta Ads,Video,Fintech,UK,72278,2421,3.3495669498325906,1.29,3123.09,26,120.11884615384616,5625.44,1.8012417189386152
2024-10-21,Google Ads,Search,EdTech,USA,121107,3148,2.5993542900080095,2.39,7523.72,243,30.96181069958848,33241.31,4.418201368471979
2024-08-19,Google Ads,Shopping,Fintech,India,112930,2427,2.1491189232267773,0.9500000000000001,2305.65,53,43.50283018867925,10549.62,4.575551362956216
2024-12-14,Google Ads,Video,SaaS,Canada,94767,4662,4.919433980182975,2.9,13519.8,136,99.41029411764706,33757.52,2.4968949244811314
2024-10-28,TikTok Ads,Display,E-commerce,India,189933,13295,6.999836784550341,1.03,13693.85,284,48.217781690140846,45485.98,3.321635624751257
2024-09-21,Meta Ads,Shopping,Fintech,Canada,17281,793,4.588854811642844,1.18,935.74,46,20.342173913043478,12594.97,13.459903391967854
2024-03-11,Google Ads,Video,Fintech,UK,41388,964,2.3291775393833962,3.04,2930.56,72,40.70222222222222,19679.4,6.715235313387203
2024-11-09,Google Ads,Shopping,EdTech,USA,52083,2781,5.339554173146708,2.64,7341.84,160,45.8865,39686.47,5.405520959323549
2024-12-02,Google Ads,Video,E-commerce,UAE,110109,2378,2.1596781371186733,3.19,7585.82,41,185.01999999999998,6931.99,0.9138089224368625
2024-07-26,TikTok Ads,Display,Fintech,Canada,73743,1991,2.6999172802842306,1.77,3524.07,155,22.735935483870968,29721.14,8.433754153578107
2024-07-28,Google Ads,Shopping,Healthcare,Australia,79189,4315,5.448989127277779,0.92,3969.8,197,20.151269035532994,21995.7,5.540757720791979
2024-12-13,Meta Ads,Search,Fintech,USA,179943,4174,2.3196234363103874,2.1999999999999997,9182.8,289,31.774394463667818,32129.87,3.498918630483077
2024-03-08,Google Ads,Search,E-commerce,Canada,22414,472,2.1058267154457035,2.5100000000000002,1184.72,34,34.84470588235294,7160.99,6.044457762171652
2024-11-07,Meta Ads,Video,SaaS,Australia,107299,2585,2.409155723725291,1.3199999999999998,3412.2,110,31.02,23820.26,6.980909677041205
2024-04-03,TikTok Ads,Shopping,SaaS,Australia,68815,3172,4.609460146770326,0.79,2505.88,76,32.97210526315789,2602.57,1.038585247497885
2024-10-24,Google Ads,Display,EdTech,Germany,164457,8321,5.059681254066413,1.7599999999999998,14644.96,610,24.008131147540983,27104.12,1.850747287804132
2024-11-17,Google Ads,Display,E-commerce,India,105477,6391,6.059140855352352,1.84,11759.44,116,101.3744827586207,17001.07,1.4457380623567109
2024-12-05,Google Ads,Video,Fintech,UK,160816,9745,6.059720425828276,1.22,11888.9,553,21.49891500904159,62922.41,5.292534212584848
2024-09-02,Google Ads,Display,Healthcare,UK,23904,609,2.5476907630522088,1.6600000000000001,1010.94,35,28.884,7211.31,7.133272004273251
2024-12-30,Meta Ads,Display,SaaS,USA,60448,1493,2.469891476971943,2.29,3418.97,89,38.41539325842697,24577.78,7.188650383010088
2024-08-24,TikTok Ads,Video,Fintech,UAE,138332,9558,6.909464187606627,0.35000000000000003,3345.3,195,17.155384615384616,26087.06,7.798122739365677
2024-03-12,Google Ads,Video,SaaS,India,112399,3585,3.1895301559622418,3.1100000000000003,11149.35,91,122.52032967032967,20140.14,1.8063958885495566
2024-02-16,Google Ads,Video,E-commerce,Germany,180069,5780,3.2098806568593155,1.47,8496.6,272,31.2375,74348.97,8.750437822187699
2024-09-27,Meta Ads,Shopping,Fintech,USA,155354,3371,2.169882976942982,1.27,4281.17,100,42.8117,7916.95,1.8492491538528018
2024-05-15,Meta Ads,Shopping,Fintech,UAE,163564,1946,1.1897483553838253,0.6599999999999999,1284.36,72,17.83833333333333,6787.22,5.2845152449469
2024-01-11,TikTok Ads,Display,Fintech,UK,146587,5995,4.089721462339771,1.52,9112.4,161,56.59875776397515,27684.26,3.038086563364207
2024-03-29,Google Ads,Display,Healthcare,USA,79843,2427,3.0397154415540495,1.4300000000000002,3470.61,127,27.327637795275592,27833.99,8.019912925969786
2024-10-11,Meta Ads,Video,SaaS,Canada,128245,2949,2.2995048539904093,1.5899999999999999,4688.91,85,55.16364705882353,8616.72,1.837680825607657
2024-09-26,Google Ads,Shopping,Fintech,Australia,161252,8046,4.98970555403964,3.05,24540.3,550,44.61872727272727,130994.6,5.337938004017881
2024-01-24,TikTok Ads,Shopping,SaaS,Germany,107262,5127,4.779884768137831,1.24,6357.48,343,18.534927113702622,93405.13,14.692162617892626
2024-05-24,Meta Ads,Video,SaaS,Germany,22139,458,2.0687474592348343,0.43,196.94,8,24.6175,2367.39,12.020869300294505
2024-04-17,Meta Ads,Shopping,SaaS,India,30618,719,2.3482918544646942,1.27,913.13,40,22.82825,6289.61,6.887967759245671
2024-12-12,Google Ads,Search,Healthcare,Canada,78606,3914,4.979263669439992,1.23,4814.22,88,54.70704545454546,6101.96,1.2674867372076888
2024-02-22,Google Ads,Display,SaaS,Germany,31885,1613,5.058805080758978,1.01,1629.13,67,24.31537313432836,19023.45,11.677060762492864
2024-08-18,TikTok Ads,Shopping,EdTech,Canada,11713,334,2.8515324852727737,1.46,487.64,13,37.51076923076923,2344.33,4.807501435485194
2024-04-04,Meta Ads,Shopping,E-commerce,UK,26637,479,1.798250553741037,0.83,397.57,35,11.359142857142857,1488.52,3.744045073823478
2024-07-30,Google Ads,Display,EdTech,India,44387,1886,4.248991821929844,2.81,5299.66,112,47.318392857142854,16115.2,3.0407988436994073
2024-01-03,Meta Ads,Search,E-commerce,UK,91392,2705,2.9597776610644257,2.04,5518.2,87,63.42758620689655,12147.08,2.2012757783335144
2024-09-24,TikTok Ads,Search,EdTech,UK,31727,2233,7.038169382544836,0.46,1027.18,74,13.88081081081081,9946.57,9.683375844545258
2024-08-23,Meta Ads,Shopping,SaaS,Germany,154676,1624,1.0499366417543767,1.69,2744.56,26,105.56,1813.36,0.6607106421430029
2024-08-14,Meta Ads,Shopping,E-commerce,UK,122710,5129,4.17977344959661,1.02,5231.58,157,33.32216560509554,24344.87,4.653445039548282
2024-12-22,TikTok Ads,Search,EdTech,Canada,194117,16422,8.45984638130612,1.3299999999999998,21841.26,1133,19.277369814651365,121361.12,5.55650727110066
2024-02-03,TikTok Ads,Shopping,Healthcare,Australia,23043,1534,6.657119298702425,1.3599999999999999,2086.24,119,17.53142857142857,6284.67,3.012438645601657
2024-02-23,Google Ads,Search,Fintech,USA,21198,703,3.3163505991131235,1.9600000000000002,1377.88,28,49.21,6226.83,4.519138096205765
2024-06-20,Meta Ads,Display,Healthcare,India,132208,3133,2.3697506958731696,1.57,4918.81,183,26.87874316939891,53669.78,10.911130944273106
2024-02-16,Meta Ads,Shopping,Fintech,India,19040,784,4.117647058823529,1.93,1513.12,39,38.797948717948714,5591.9,3.695609072644602
2024-03-15,Google Ads,Display,Healthcare,India,157270,5535,3.519425192344376,1.0,5535.0,356,15.547752808988765,86412.59,15.612030713640468
2024-01-07,Google Ads,Video,E-commerce,UK,33433,1698,5.078814345108127,2.93,4975.14,60,82.91900000000001,4216.81,0.8475761486108934
2024-03-27,Meta Ads,Video,Fintech,Germany,94786,2682,2.829531787394763,1.5,4023.0,155,25.954838709677418,6510.51,1.6183221476510068
2024-04-25,Meta Ads,Display,E-commerce,Australia,144895,2158,1.4893543600538321,1.92,4143.36,151,27.439470198675494,25541.81,6.16451623802904
2024-12-10,Meta Ads,Display,Fintech,Germany,57996,1705,2.939857921235947,2.04,3478.2,127,27.38740157480315,26935.06,7.743965269392215
2024-09-02,Google Ads,Shopping,Healthcare,Canada,154631,4793,3.0996372008200166,3.14,15050.02,155,97.09690322580646,15403.3,1.0234737229585076
2024-02-28,Meta Ads,Video,SaaS,Germany,56209,1405,2.4995997082317776,2.3899999999999997,3357.95,94,35.72287234042553,20195.05,6.014100865111154
2024-07-06,TikTok Ads,Video,SaaS,Canada,187411,15667,8.359701404933542,0.43000000000000005,6736.81,996,6.76386546184739,51799.95,7.689091721452734
2024-09-10,Google Ads,Video,Fintech,India,46583,2319,4.978210935319752,2.76,6400.44,50,128.00879999999998,11413.39,1.7832195911531084
2024-03-09,Meta Ads,Display,E-commerce,Canada,17438,371,2.1275375616469776,1.6300000000000001,604.73,19,31.827894736842108,902.7,1.4927322937509302
2024-03-11,Google Ads,Video,SaaS,UAE,122784,6237,5.079652071931196,2.69,16777.53,134,125.20544776119402,15407.61,0.9183479332178218
2024-09-08,Meta Ads,Shopping,EdTech,Germany,151730,2063,1.359652013444935,0.74,1526.62,32,47.706875,6146.93,4.026496443122716
2024-08-20,Google Ads,Search,Fintech,India,83498,3531,4.228843804642027,1.03,3636.93,234,15.542435897435897,36561.1,10.052736786245543
2024-10-21,TikTok Ads,Shopping,Fintech,UK,194060,11721,6.039884571781924,1.7300000000000002,20277.33,504,40.23279761904762,76238.77,3.759803189078641
2024-03-17,Google Ads,Shopping,E-commerce,Germany,30118,951,3.1575801846072116,3.2800000000000002,3119.28,30,103.97600000000001,2408.76,0.7722166653843194
2024-03-05,Meta Ads,Search,Healthcare,USA,88904,1724,1.939170341042023,1.0,1724.0,59,29.220338983050848,8894.16,5.159025522041763
2024-12-18,Google Ads,Display,Healthcare,Australia,119911,4592,3.829506884272502,2.83,12995.36,163,79.72613496932516,24856.01,1.9126834500929562
2024-05-22,Meta Ads,Search,EdTech,UK,184702,5134,2.7796125651048715,2.0100000000000002,10319.34,70,147.41914285714287,16883.49,1.6361017274360572
2024-04-11,Meta Ads,Video,Fintech,USA,5209,198,3.801113457477443,0.7,138.6,3,46.199999999999996,490.6,3.53968253968254
2024-06-19,Meta Ads,Display,E-commerce,India,88717,816,0.9197786219101186,1.87,1525.92,46,33.17217391304348,4879.02,3.197428436615288
2024-08-06,Google Ads,Shopping,E-commerce,India,146788,6003,4.089571354606644,2.42,14527.26,476,30.519453781512606,104420.05,7.187869563840669
2024-01-30,Google Ads,Video,SaaS,Australia,89052,2591,2.9095360014373624,3.6599999999999997,9483.06,190,49.91084210526316,12653.72,1.3343498828437235
2024-10-29,Google Ads,Shopping,E-commerce,Germany,46971,2437,5.188307679206319,2.04,4971.48,141,35.25872340425531,14817.7,2.9805410058976407
2024-09-26,Meta Ads,Shopping,E-commerce,UK,185419,7750,4.179722682141528,1.38,10695.0,400,26.7375,13470.33,1.2594978962131838
2024-06-27,Google Ads,Display,EdTech,UAE,36391,1684,4.627517792860872,3.5900000000000003,6045.56,18,335.8644444444445,4868.51,0.8053033962114345
2024-04-03,Google Ads,Display,EdTech,India,169575,3730,2.1996166887807753,2.71,10108.3,284,35.59260563380281,8952.89,0.885696902545433
2024-07-24,Google Ads,Video,E-commerce,UK,146656,5719,3.899601789221034,1.75,10008.25,357,28.034313725490197,62250.35,6.219903579546874
2024-05-25,Google Ads,Display,Fintech,Germany,116972,6269,5.359402250111138,2.83,17741.27,83,213.75024096385542,8852.61,0.4989840073455846
2024-11-17,Meta Ads,Search,SaaS,Canada,45664,516,1.1299929922915206,1.6700000000000002,861.72,34,25.34470588235294,7132.56,8.277120178248156
2024-12-15,Meta Ads,Shopping,SaaS,UK,125759,2804,2.229661495399932,1.75,4907.0,164,29.920731707317074,46752.65,9.52774607703281
2024-03-24,Google Ads,Shopping,EdTech,UAE,26529,1106,4.16902257906442,1.78,1968.68,78,25.23948717948718,2995.39,1.5215220350691834
2024-12-13,TikTok Ads,Shopping,EdTech,India,114863,5766,5.019893264149465,1.63,9398.58,89,105.60202247191012,22499.92,2.393970152937997
2024-10-24,Meta Ads,Display,Healthcare,USA,171353,5534,3.229590377758195,1.8599999999999999,10293.24,221,46.57574660633484,52725.19,5.12231231371269
2024-12-22,Meta Ads,Shopping,EdTech,UK,49522,1554,3.137999273050361,1.7100000000000002,2657.34,23,115.53652173913044,1909.73,0.7186622712938502
2024-05-03,Google Ads,Search,Healthcare,India,136135,7936,5.829507474198406,1.3599999999999999,10792.96,406,26.583645320197043,40442.85,3.7471509206000952
2024-05-11,Meta Ads,Video,Healthcare,UK,172108,6109,3.549515420549888,2.2800000000000002,13928.52,435,32.019586206896555,13163.33,0.9450630792072667
2024-10-24,TikTok Ads,Video,EdTech,India,193151,12168,6.29973440468856,1.1300000000000001,13749.84,612,22.467058823529413,109401.0,7.956528948700494
2024-06-21,TikTok Ads,Display,EdTech,Canada,102519,4285,4.179713028804417,1.2,5142.0,137,37.53284671532847,26733.75,5.199095682613769
2024-09-06,Google Ads,Shopping,Healthcare,Germany,36092,1050,2.909231962761831,3.68,3864.0,34,113.6470588235294,1685.69,0.4362551759834369
2024-09-01,TikTok Ads,Video,EdTech,Australia,6628,261,3.937839468919734,1.28,334.08,11,30.37090909090909,2224.48,6.65852490421456
2024-03-23,Meta Ads,Video,SaaS,UK,28593,694,2.4271674885461474,1.58,1096.52,7,156.6457142857143,2098.0,1.9133257943311568
2024-06-03,Meta Ads,Search,EdTech,Germany,186845,4204,2.2499933099628033,1.81,7609.24,275,27.669963636363637,24004.25,3.154618595286783
2024-08-14,Meta Ads,Search,Fintech,USA,25930,609,2.348630929425376,0.5499999999999999,334.95,7,47.85,509.29,1.5204955963576654
2024-10-26,Google Ads,Display,Fintech,UAE,114914,3803,3.309431400873697,2.69,10230.07,224,45.669955357142854,67007.76,6.550078347459988
2024-09-27,Google Ads,Display,EdTech,Australia,34652,866,2.4991342491053907,1.5699999999999998,1359.62,43,31.619069767441857,2728.57,2.0068622115002723
2024-02-21,Google Ads,Display,EdTech,India,136585,5668,4.149796829812937,2.89,16380.52,120,136.50433333333334,20065.19,1.2249421874275053
2024-11-23,Google Ads,Display,Healthcare,Canada,192822,6228,3.2299218968789867,3.35,20863.8,87,239.81379310344826,18207.05,0.8726622187712689
2024-12-30,Google Ads,Search,Healthcare,UK,63738,1306,2.0490131475728766,0.9299999999999999,1214.58,87,13.960689655172413,16951.52,13.956692848556704
2024-02-28,Google Ads,Search,Fintech,India,28267,1769,6.2581809176778584,2.59,4581.71,33,138.83969696969697,1968.12,0.4295601423922509
2024-04-04,Meta Ads,Display,Fintech,Australia,42606,1495,3.50889546073323,0.77,1151.15,96,11.991145833333334,14890.27,12.935125743821395
2024-01-22,TikTok Ads,Display,Healthcare,Canada,120409,8356,6.939680588660316,0.9600000000000001,8021.76,663,12.099185520361992,50787.7,6.331241523057284
2024-05-04,TikTok Ads,Display,EdTech,Germany,120210,6455,5.369769569919308,1.78,11489.9,289,39.75743944636678,23286.47,2.0266903976535917
2024-08-07,Meta Ads,Search,Healthcare,UAE,96360,3247,3.369655458696555,0.43,1396.21,211,6.617109004739337,50567.51,36.21769647832346
2024-04-22,TikTok Ads,Shopping,EdTech,Canada,186006,9002,4.8396288291775535,1.52,13683.04,266,51.440000000000005,31194.26,2.2797755469544776
2024-10-14,Google Ads,Shopping,E-commerce,Germany,34036,2086,6.128804794923023,3.4499999999999997,7196.7,110,65.42454545454545,21503.08,2.9879083468812095
2024-02-10,TikTok Ads,Shopping,SaaS,USA,116709,6640,5.68936414501024,1.97,13080.8,304,43.02894736842105,83458.18,6.380204574643752
2024-06-05,Meta Ads,Shopping,EdTech,UK,98276,2368,2.409540477837926,1.4100000000000001,3338.88,115,29.033739130434782,21637.86,6.480574324324325
2024-09-19,Google Ads,Shopping,EdTech,UK,162353,3977,2.449600561738927,1.45,5766.65,57,101.16929824561403,15175.48,2.631593732929864
2024-12-05,Meta Ads,Search,SaaS,UK,129790,5697,4.389398258725634,0.52,2962.44,223,13.284484304932736,58627.34,19.79022022386951
2024-12-18,Google Ads,Video,Healthcare,India,184982,4772,2.5797104583148633,3.08,14697.76,141,104.23943262411348,26098.46,1.7756760213801286
2024-08-16,Google Ads,Search,Fintech,UK,166673,4733,2.8396920917005155,0.84,3975.72,336,11.8325,98987.51,24.898008411055105
2024-06-05,Google Ads,Video,EdTech,UAE,109148,3951,3.61985560889801,1.79,7072.29,249,28.40277108433735,56329.34,7.9647949956803235
2024-12-26,Google Ads,Video,EdTech,USA,173700,7208,4.149683362118595,2.29,16506.32,178,92.73213483146067,32171.36,1.9490328552942147
2024-04-27,Meta Ads,Video,EdTech,UAE,173001,3477,2.009814972167791,0.9500000000000001,3303.15,51,64.76764705882353,11186.61,3.3866491076699514
2024-01-29,Meta Ads,Search,Fintech,UK,56534,1079,1.9085859836558532,0.6,647.4,27,23.977777777777778,4508.39,6.963839975285759
2024-12-15,Google Ads,Search,Healthcare,Australia,58520,3604,6.158578263841422,1.48,5333.92,265,20.128,78186.23,14.658305711371748
2024-09-10,Google Ads,Video,Healthcare,Canada,111071,2865,2.57943117465405,2.83,8107.95,39,207.89615384615385,8971.28,1.1064794430158056
2024-04-08,Google Ads,Shopping,SaaS,India,153750,4920,3.2,2.98,14661.6,117,125.31282051282052,30000.6,2.0462023244393515
2024-05-02,Meta Ads,Display,SaaS,USA,108717,1435,1.3199407636340224,1.75,2511.25,108,23.252314814814813,22074.54,8.790259830761574
2024-06-13,Google Ads,Shopping,E-commerce,India,141455,2673,1.88964688416811,2.82,7537.86,122,61.78573770491803,19810.32,2.6281093042322357
2024-12-04,Meta Ads,Search,Healthcare,USA,158742,5778,3.6398684658124507,2.17,12538.26,388,32.3151030927835,68610.11,5.472059918999925
2024-04-26,Meta Ads,Search,E-commerce,Germany,26845,528,1.9668467126094245,2.08,1098.24,11,99.84,1590.52,1.4482444638694638
2024-10-05,Google Ads,Video,Fintech,USA,92332,5336,5.779144825196032,0.9400000000000001,5015.84,213,23.548544600938968,39347.29,7.844606287281891
2024-09-05,Google Ads,Search,E-commerce,India,90953,4365,4.799181995096369,3.04,13269.6,73,181.77534246575343,19836.75,1.4949018809911376
2024-09-26,Meta Ads,Shopping,SaaS,Canada,15047,368,2.4456702332690905,1.06,390.08,27,14.447407407407407,6244.19,16.007460008203445
2024-04-12,Google Ads,Search,Healthcare,UAE,57632,1256,2.179344808439756,1.75,2198.0,20,109.9,1647.61,0.7495950864422202
2024-10-28,TikTok Ads,Shopping,EdTech,UAE,193568,12659,6.5398206315093415,1.24,15697.16,366,42.88841530054645,17585.84,1.120319854037291
2024-05-21,Google Ads,Video,SaaS,Germany,30343,743,2.4486702040009227,3.0500000000000003,2266.15,39,58.10641025641026,7450.31,3.2876508615934514
2024-08-23,Meta Ads,Display,SaaS,Germany,6903,225,3.259452411994785,1.92,432.0,7,61.714285714285715,513.46,1.188564814814815
2024-02-18,TikTok Ads,Display,SaaS,USA,194291,9248,4.759870503523065,1.08,9987.84,669,14.929506726457399,34771.85,3.4814184047802126
2024-08-09,Meta Ads,Shopping,Healthcare,India,25704,616,2.3965141612200433,1.0,616.0,18,34.22222222222222,2381.36,3.865844155844156
2024-05-31,Google Ads,Display,Healthcare,Germany,18696,327,1.7490372272143773,2.61,853.47,8,106.68375,1284.99,1.5056065239551477
2024-02-16,Meta Ads,Video,EdTech,UK,165408,1670,1.0096246856258464,1.3,2171.0,80,27.1375,9561.0,4.403961308152925
2024-04-14,Google Ads,Search,E-commerce,Australia,191372,11711,6.1194950149447145,2.48,29043.28,335,86.69635820895522,75028.42,2.5833314969934524
2024-09-06,Meta Ads,Display,EdTech,USA,71247,1888,2.649936137661937,0.47000000000000003,887.36,57,15.567719298245613,9045.86,10.194126397403535
2024-04-11,TikTok Ads,Search,Fintech,UAE,132294,7527,5.689600435393896,0.9,6774.3,262,25.85610687022901,50030.33,7.385313611738482
2024-12-29,TikTok Ads,Display,E-commerce,Germany,66086,3317,5.019217383409496,0.32999999999999996,1094.61,206,5.313640776699029,51119.73,46.701318277742764
2024-12-23,Google Ads,Search,Healthcare,UK,186232,9292,4.989475492933545,2.4,22300.8,265,84.15396226415093,67766.02,3.0387259649878033
2024-11-01,TikTok Ads,Shopping,Healthcare,India,145225,5562,3.8299190910655883,0.84,4672.08,378,12.36,102053.93,21.8433609869694
2024-05-27,Google Ads,Search,SaaS,Germany,15470,529,3.4195216548157727,1.2,634.8,5,126.96,1223.76,1.927788279773157
2024-04-05,Google Ads,Display,Healthcare,Australia,91814,2607,2.839436251552051,2.48,6465.36,129,50.11906976744186,25405.84,3.9295321528886253
2024-03-24,Google Ads,Display,EdTech,Australia,96087,3238,3.3698627285689007,3.04,9843.52,45,218.7448888888889,7783.0,0.7906724423783361
2024-03-12,Google Ads,Shopping,Fintech,Germany,92943,5037,5.419450631031922,2.2600000000000002,11383.62,232,49.0673275862069,64994.16,5.709445677209886
2024-04-10,Meta Ads,Display,SaaS,India,36411,873,2.3976270907143444,2.0300000000000002,1772.19,47,37.70617021276596,13565.96,7.654912847945197
2024-08-17,Meta Ads,Video,EdTech,USA,145170,4688,3.2293173520699865,1.75,8204.0,106,77.39622641509433,30413.14,3.7071111652852267
2024-03-25,Google Ads,Video,E-commerce,Germany,146428,2796,1.9094708662277706,2.2399999999999998,6263.04,164,38.189268292682925,33829.22,5.401405707132639
2024-08-28,Google Ads,Search,Fintech,Germany,151772,6237,4.109453654165459,1.02,6361.74,302,21.065364238410595,77929.21,12.249669115682188
2024-01-19,TikTok Ads,Search,E-commerce,USA,179561,8600,4.789458735471511,1.44,12384.0,212,58.41509433962264,34386.07,2.776652939276486
2024-09-11,Google Ads,Search,EdTech,UAE,100381,5691,5.669399587571354,0.83,4723.53,321,14.715046728971961,58283.85,12.33904516325714
2024-12-23,TikTok Ads,Display,E-commerce,India,180552,6030,3.3397580752359426,1.7,10251.0,383,26.765013054830288,23539.41,2.29630377524144
2024-07-03,TikTok Ads,Display,EdTech,USA,163328,4981,3.0496914184952977,1.21,6027.01,142,42.4437323943662,21158.33,3.5105848505311923
2024-06-03,TikTok Ads,Display,EdTech,USA,93635,4363,4.65958242110322,1.36,5933.68,117,50.715213675213676,29999.39,5.055781572312629
2024-12-29,Google Ads,Display,SaaS,UAE,133526,4633,3.4697362311459945,3.07,14223.31,340,41.83326470588235,62193.85,4.372670637144237
2024-02-06,TikTok Ads,Video,E-commerce,Canada,48475,3160,6.518824136152657,0.76,2401.6,124,19.36774193548387,19990.89,8.3239881745503
2024-11-13,TikTok Ads,Video,Fintech,India,195722,12624,6.449964745915125,2.0100000000000002,25374.24,755,33.608264900662256,129016.77,5.08455701530371
2024-05-04,Google Ads,Search,Healthcare,UK,106277,6961,6.549864975488581,2.9600000000000004,20604.56,180,114.46977777777778,42397.44,2.057672670515653
2024-01-22,Google Ads,Shopping,Fintech,Australia,153953,5095,3.3094515858736107,2.8600000000000003,14571.7,110,132.47,30634.7,2.102342211272535
2024-09-07,Meta Ads,Video,Healthcare,Germany,142135,2387,1.6793893129770994,1.92,4583.04,98,46.76571428571429,25385.35,5.538976312665828
2024-11-25,Google Ads,Shopping,EdTech,Canada,107891,3733,3.4599734917648366,2.31,8623.23,148,58.26506756756756,15202.91,1.7630180338457864
2024-03-20,TikTok Ads,Video,SaaS,USA,191380,8171,4.269516145887763,0.5,4085.5,572,7.1424825174825175,155778.92,38.12970750214173
2024-08-11,Meta Ads,Search,Healthcare,UK,123372,3355,2.719417696073663,2.3,7716.5,224,34.448660714285715,57352.38,7.4324343938314
2024-12-24,Google Ads,Search,E-commerce,UAE,104464,4314,4.129652320416603,2.26,9749.64,82,118.8980487804878,10226.11,1.0488705223987758
2024-06-03,Google Ads,Video,SaaS,UK,113502,2235,1.969128297298726,1.21,2704.35,34,79.53970588235293,6126.9,2.2655721337844583
2024-09-09,Google Ads,Shopping,Healthcare,Australia,95196,3170,3.3299718475566205,1.05,3328.5,170,19.57941176470588,13047.52,3.919939912873667
2024-01-27,Google Ads,Display,Healthcare,UK,86362,2547,2.9492137745767812,1.41,3591.27,164,21.89798780487805,33307.3,9.274518485104156
2024-06-28,Google Ads,Search,E-commerce,USA,78532,4735,6.029389293536393,2.8200000000000003,13352.7,310,43.07322580645162,45765.16,3.4274086888794026
2024-03-19,Google Ads,Shopping,Healthcare,Canada,184081,5135,2.7895328686828083,2.1799999999999997,11194.3,96,116.60729166666665,24545.05,2.192638217664347
2024-01-28,Meta Ads,Display,Healthcare,Canada,93966,2104,2.239107762382138,0.9700000000000001,2040.88,157,12.99923566878981,6975.9,3.4180843557680998
2024-07-23,Google Ads,Video,SaaS,UAE,28667,1338,4.667387588516412,2.9,3880.2,24,161.67499999999998,3421.56,0.8817999072212773
2024-01-21,Google Ads,Display,Healthcare,Australia,154239,7465,4.839891337469771,3.2,23888.0,484,49.35537190082645,25632.04,1.073009042196919
2024-04-05,Meta Ads,Video,Fintech,UAE,103576,1263,1.2193944543137407,0.47000000000000003,593.61,22,26.98227272727273,5190.25,8.74353531780125
2024-09-25,TikTok Ads,Video,EdTech,India,111154,5124,4.6098206092448315,0.8899999999999999,4560.36,368,12.392282608695652,82164.4,18.01708637037427
2024-10-28,Google Ads,Search,E-commerce,USA,104456,6403,6.129853718312017,2.11,13510.33,440,30.705295454545453,111130.68,8.22560810875826
2024-10-12,Meta Ads,Display,SaaS,UAE,173307,3292,1.8995193500551046,1.03,3390.76,74,45.82108108108108,21574.44,6.362715143507649
2024-03-10,Google Ads,Display,Fintech,Australia,197459,5667,2.869962878369687,3.56,20174.52,105,192.13828571428573,17723.39,0.8785036769152376
2024-09-01,TikTok Ads,Video,EdTech,UK,154676,5970,3.8596808813261267,1.09,6507.3,107,60.81588785046729,14099.39,2.1667035483226527
2024-04-24,Meta Ads,Video,Fintech,India,138528,3698,2.6694964194964195,2.2699999999999996,8394.46,264,31.797196969696966,34788.99,4.144279679693512
2024-08-01,Google Ads,Display,SaaS,Canada,188490,6879,3.6495304790705076,2.8400000000000003,19536.36,279,70.02279569892474,18268.77,0.935116367634503
2024-09-21,TikTok Ads,Display,SaaS,USA,155929,6408,4.109562685581258,0.9700000000000001,6215.76,481,12.922577962577963,51123.92,8.224886417751007
2024-05-31,Google Ads,Display,EdTech,Canada,177220,4607,2.59959372531317,2.32,10688.24,114,93.75649122807017,9297.03,0.8698373165273235
2024-10-10,Meta Ads,Video,E-commerce,Canada,188552,6373,3.379969451398023,0.65,4142.45,129,32.112015503875966,8973.49,2.1662277154823837
2024-09-15,Google Ads,Video,E-commerce,Canada,136460,4462,3.269822658654551,0.88,3926.56,322,12.194285714285714,59937.98,15.264755918666722
2024-10-07,TikTok Ads,Display,Healthcare,Canada,124614,4573,3.669732132826167,0.29000000000000004,1326.17,240,5.525708333333333,46988.2,35.43150576472096
2024-04-15,Meta Ads,Video,SaaS,India,28359,612,2.1580450650587117,0.75,459.0,30,15.3,6591.07,14.359629629629628
2024-06-28,Meta Ads,Search,E-commerce,USA,81759,1316,1.609608728091097,0.9,1184.4,46,25.747826086956525,6171.89,5.2109844647078685
2024-04-05,Meta Ads,Video,E-commerce,Germany,131230,2139,1.629962660976911,2.23,4769.97,105,45.428285714285714,24738.73,5.186349180393168
2024-06-01,TikTok Ads,Search,E-commerce,Canada,49659,2413,4.859139330232184,1.45,3498.85,191,18.318586387434554,38157.72,10.90578904497192
2024-02-07,TikTok Ads,Display,Fintech,Germany,103029,6830,6.629201486959982,0.52,3551.6,148,23.997297297297298,14545.74,4.095545669557382
2024-06-01,TikTok Ads,Shopping,Healthcare,Canada,52368,3351,6.398945921173235,0.61,2044.11,117,17.47102564102564,12829.28,6.276218011750836
2024-06-15,TikTok Ads,Video,EdTech,Canada,144585,8357,5.779991008749179,0.52,4345.64,412,10.547669902912622,78373.31,18.03492926243315
2024-03-22,TikTok Ads,Shopping,Fintech,UK,40308,3853,9.558896496973306,1.09,4199.77,291,14.432199312714777,33059.93,7.871842981877578
2024-08-08,TikTok Ads,Search,E-commerce,Germany,43635,2469,5.658301821931936,1.21,2987.49,133,22.462330827067667,19667.27,6.583208646723504
2024-08-08,Meta Ads,Search,EdTech,India,164074,6152,3.749527652156954,0.95,5844.4,360,16.234444444444442,47241.24,8.083163370063652
2024-08-13,Meta Ads,Shopping,Healthcare,Canada,107300,2693,2.509785647716682,0.57,1535.01,153,10.032745098039216,18121.16,11.805239053817239
2024-11-04,Meta Ads,Display,EdTech,India,177443,4400,2.479669527679311,2.17,9548.0,231,41.333333333333336,43094.26,4.513433179723503
2024-04-20,TikTok Ads,Shopping,EdTech,UAE,141268,7402,5.239686270068239,1.24,9178.48,335,27.398447761194028,31326.97,3.4130890953621953
2024-05-26,TikTok Ads,Display,EdTech,Germany,145631,4194,2.879881343944627,0.84,3522.96,59,59.71118644067797,15427.34,4.379084633376479
2024-11-22,TikTok Ads,Search,EdTech,Canada,191041,7393,3.869849927502473,0.53,3918.29,446,8.785403587443946,15789.02,4.029569021180158
2024-11-13,TikTok Ads,Video,Healthcare,UK,72145,3058,4.238685979624368,0.7699999999999999,2354.66,78,30.187948717948718,7543.67,3.203719432954227
2024-03-04,Meta Ads,Video,SaaS,UAE,113447,1826,1.6095621744074324,1.73,3158.98,24,131.62416666666667,4477.79,1.4174796928122368
2024-12-12,TikTok Ads,Search,Healthcare,India,195512,8328,4.259585089406277,1.63,13574.64,198,68.55878787878788,14486.58,1.0671796821131168
2024-06-19,Meta Ads,Search,SaaS,USA,149446,6456,4.3199550339252974,2.19,14138.64,397,35.613702770780854,118768.88,8.400304414003045
2024-09-03,TikTok Ads,Video,SaaS,Germany,154307,9212,5.969917113287149,1.3,11975.6,700,17.108,61706.24,5.152663749624236
2024-11-26,Meta Ads,Display,Healthcare,India,149675,3143,2.099883080006681,1.5499999999999998,4871.65,147,33.140476190476186,33184.47,6.811751665246888
2024-04-05,TikTok Ads,Shopping,Healthcare,UAE,184065,6350,3.4498682530627764,1.34,8509.0,273,31.168498168498168,39093.51,4.5943718415795045
2024-10-04,TikTok Ads,Search,EdTech,Germany,64484,2966,4.599590596116866,1.25,3707.5,227,16.33259911894273,27232.61,7.345275792312879
2024-07-28,Meta Ads,Video,EdTech,UAE,148088,4561,3.0799254497325914,1.36,6202.96,173,35.85526011560694,48056.97,7.74742542270142
2024-09-09,Google Ads,Display,SaaS,India,28068,990,3.527148353997435,1.01,999.9,28,35.71071428571428,5661.1,5.661666166616662
2024-03-23,TikTok Ads,Search,Healthcare,USA,131385,6910,5.259352285268486,0.34,2349.4,206,11.404854368932039,6729.96,2.864544138929088
2024-05-16,TikTok Ads,Search,EdTech,UAE,77882,3029,3.8892170206209395,0.47000000000000003,1423.63,228,6.2439912280701755,44433.62,31.211494559681938
2024-09-10,TikTok Ads,Shopping,Healthcare,UAE,90066,6025,6.6895387826704855,1.77,10664.25,417,25.573741007194243,40275.46,3.776680029069086
2024-07-25,Meta Ads,Shopping,E-commerce,India,186775,2409,1.2897871770847276,0.6900000000000001,1662.21,107,15.534672897196263,10079.71,6.064041246292586
2024-04-15,Google Ads,Video,Fintech,India,57328,2161,3.769536701088473,1.53,3306.33,99,33.39727272727273,17903.97,5.415058388001198
2024-02-22,Google Ads,Video,SaaS,India,87570,3415,3.8997373529747628,2.57,8776.55,236,37.188771186440675,46705.85,5.321663979581954
2024-06-18,Meta Ads,Video,SaaS,UAE,54864,1876,3.4193642461358995,1.52,2851.52,121,23.566280991735535,23640.39,8.290452109751993
2024-11-04,Google Ads,Display,SaaS,Australia,91861,2535,2.759604184583229,1.24,3143.4,137,22.944525547445256,8299.82,2.64039574982503
2024-06-04,Meta Ads,Search,E-commerce,Australia,16920,389,2.2990543735224587,1.23,478.47,15,31.898000000000003,3222.58,6.735176709093569
2024-08-16,Meta Ads,Shopping,Healthcare,India,117421,3428,2.919409645634086,0.61,2091.08,99,21.122020202020202,25079.21,11.993424450523175
2024-06-29,Google Ads,Display,EdTech,UK,146332,7184,4.909384140174398,2.8000000000000003,20115.2,366,54.95956284153006,40775.67,2.0271073615972
2024-01-11,Meta Ads,Shopping,SaaS,USA,144993,2783,1.9194030056623421,1.47,4091.01,120,34.091750000000005,10562.14,2.5817927602230255
2024-07-28,Google Ads,Display,Fintech,Canada,35702,999,2.7981625679233657,1.58,1578.42,15,105.22800000000001,2820.45,1.786881818527388
2024-09-01,Google Ads,Shopping,Healthcare,Germany,184976,6270,3.3896289248334917,2.66,16678.2,412,40.48106796116505,40433.91,2.4243569449940643
2024-06-10,Google Ads,Search,E-commerce,UAE,119235,5258,4.4097790078416566,1.1,5783.8,141,41.01985815602837,24150.02,4.175459040769044
2024-08-14,Google Ads,Shopping,EdTech,India,127211,3968,3.1192271108630543,2.63,10435.84,194,53.79298969072165,37337.18,3.577783867901386
2024-12-16,TikTok Ads,Video,Fintech,USA,27584,1561,5.659077726218097,0.94,1467.34,93,15.777849462365591,19425.98,13.238908501097225
2024-05-25,Google Ads,Shopping,SaaS,Germany,194928,9161,4.699683985881967,1.8800000000000001,17222.68,571,30.16231173380035,17839.23,1.0357987258661254
2024-10-26,Google Ads,Search,E-commerce,Australia,90349,5420,5.998959590034201,3.02,16368.4,105,155.8895238095238,16913.07,1.0332757019623175
2024-07-08,TikTok Ads,Video,EdTech,Germany,170011,10149,5.969613730876238,0.5499999999999999,5581.95,110,50.745,29617.76,5.305988050770788
2024-08-06,Google Ads,Display,Healthcare,USA,54158,3374,6.229919864101333,0.81,2732.94,55,49.68981818181818,5839.17,2.1365891677094995
2024-01-02,Meta Ads,Display,SaaS,UK,143485,3945,2.749416315294282,0.71,2800.95,187,14.978342245989303,30765.32,10.983887609561043
2024-02-18,Google Ads,Video,Fintech,Canada,165470,4136,2.4995467456336495,0.82,3391.52,56,60.56285714285714,12113.24,3.5716257017502477
2024-05-11,Meta Ads,Search,EdTech,USA,112596,2668,2.369533553589825,1.2,3201.6,39,82.09230769230768,10899.61,3.4044259120439784
2024-07-03,Google Ads,Video,EdTech,Canada,82604,5146,6.229722531596533,2.88,14820.48,75,197.6064,11977.45,0.8081688312389343
2024-06-25,Google Ads,Display,Healthcare,UAE,162454,4337,2.6696788013837764,1.57,6809.09,329,20.696322188449848,13568.06,1.992639251353705
2024-10-20,TikTok Ads,Shopping,E-commerce,UK,143667,6852,4.769362484077763,1.1300000000000001,7742.76,142,54.52647887323944,19589.64,2.530059048711312
2024-02-16,Google Ads,Video,Healthcare,Australia,83702,3900,4.659386872476166,2.18,8502.0,60,141.7,11812.78,1.3894119030816279
2024-02-12,TikTok Ads,Video,Fintech,USA,41497,3299,7.9499722871532885,0.65,2144.35,112,19.145982142857143,6822.75,3.1817333924032924
2024-05-26,Google Ads,Search,Fintech,UAE,88442,2485,2.809751023269487,2.8899999999999997,7181.65,69,104.08188405797101,12989.18,1.8086623547513456
2024-02-23,Google Ads,Shopping,SaaS,UAE,143723,4254,2.9598602868016948,1.1400000000000001,4849.56,281,17.258220640569398,41783.61,8.615958973597603
2024-10-15,Meta Ads,Search,SaaS,UK,30392,1325,4.35969992103185,1.31,1735.75,101,17.185643564356436,3539.63,2.039251044217197
2024-05-10,Google Ads,Video,E-commerce,India,94412,4786,5.069270855399737,1.2899999999999998,6173.94,343,17.999825072886296,93767.6,15.18764354690846
2024-05-21,Google Ads,Video,EdTech,UK,56305,1644,2.9198117396323595,1.65,2712.6,126,21.52857142857143,24269.48,8.94694389146944
2024-09-29,TikTok Ads,Display,SaaS,Germany,142456,9943,6.979698994777335,0.9099999999999999,9048.13,266,34.01552631578947,72736.17,8.038806913693769
2024-12-26,Meta Ads,Display,EdTech,Australia,27169,546,2.0096433435165078,1.0799999999999998,589.68,15,39.312,1578.78,2.6773504273504276
2024-09-15,Google Ads,Video,SaaS,Germany,127179,5125,4.029753339780939,2.22,11377.5,87,130.77586206896552,5905.23,0.519027027027027
2024-07-18,Google Ads,Shopping,Fintech,USA,20797,846,4.067894407847286,1.0799999999999998,913.68,56,16.315714285714286,11660.97,12.762641187286578
2024-08-13,Meta Ads,Shopping,E-commerce,USA,188201,5627,2.989888470305684,1.8800000000000001,10578.76,77,137.3864935064935,14242.93,1.3463704630788487
2024-06-03,TikTok Ads,Shopping,E-commerce,Canada,77726,2557,3.2897614697784525,0.49000000000000005,1252.93,37,33.862972972972976,2932.31,2.340362191024239
2024-03-10,Meta Ads,Search,EdTech,Australia,23123,286,1.2368637287549193,1.21,346.06,3,115.35333333333334,585.7,1.692481072646362
2024-04-06,Google Ads,Search,SaaS,Canada,86689,3727,4.299276724843983,1.16,4323.32,276,15.664202898550723,76876.24,17.78176031383289
2024-05-17,Google Ads,Search,Healthcare,USA,159251,9172,5.759461479048797,2.84,26048.48,407,64.00117936117935,30602.6,1.1748324662321947
2024-01-13,Meta Ads,Display,E-commerce,UK,70180,736,1.048731832430892,1.4000000000000001,1030.4,45,22.89777777777778,2168.72,2.10473602484472
2024-09-16,Google Ads,Video,Fintech,Canada,83466,4089,4.89900079074114,2.26,9241.14,108,85.56611111111111,12521.2,1.3549410570557314
2024-11-13,Meta Ads,Display,SaaS,India,137602,2641,1.9193034984956614,0.59,1558.19,179,8.704972067039106,52473.54,33.67595736078398
2024-09-03,TikTok Ads,Video,SaaS,UAE,64222,2067,3.2185232474852854,1.8900000000000001,3906.63,68,57.45044117647059,14851.97,3.801734487269078
2024-07-08,TikTok Ads,Shopping,Healthcare,India,116739,4319,3.6997061821670565,0.34,1468.46,306,4.798888888888889,46873.98,31.920501750132793
2024-12-30,Meta Ads,Shopping,Healthcare,USA,50869,890,1.7495920894847548,1.08,961.2,61,15.757377049180329,16803.54,17.48183520599251
2024-12-02,Meta Ads,Search,EdTech,Germany,127155,3089,2.42931854822854,1.25,3861.25,95,40.64473684210526,23894.64,6.188317254775008
2024-03-26,Google Ads,Video,EdTech,Germany,162883,8974,5.5094761270359704,2.38,21358.12,292,73.14424657534246,80812.08,3.783670098304533
2024-01-17,TikTok Ads,Search,SaaS,Canada,115716,7394,6.389781879774621,1.1600000000000001,8577.04,242,35.44231404958678,49142.56,5.7295477227575
2024-06-14,Google Ads,Video,EdTech,USA,40306,1176,2.917679749913164,0.85,999.6,41,24.38048780487805,11838.48,11.843217286914765
2024-02-29,TikTok Ads,Search,Fintech,Canada,138025,9192,6.659663104510052,0.64,5882.88,420,14.006857142857143,38810.35,6.597168393711923
2024-02-05,Meta Ads,Video,SaaS,India,145510,5805,3.9894165349460518,1.04,6037.2,166,36.36867469879518,30713.7,5.08740806996621
2024-09-07,TikTok Ads,Display,Fintech,USA,168297,10535,6.259766959601182,1.4,14749.0,561,26.29055258467023,30094.65,2.0404535900739034
2024-12-14,Meta Ads,Search,E-commerce,Australia,66157,1687,2.5499947095545443,1.3,2193.1,41,53.49024390243902,5082.94,2.317696411472345
2024-03-26,Meta Ads,Shopping,Fintech,India,115003,2921,2.539933740858934,0.4,1168.4,36,32.455555555555556,4203.19,3.5973895926052717
2024-01-19,Meta Ads,Shopping,Healthcare,USA,173292,7330,4.229854811531981,1.88,13780.4,355,38.818028169014084,66981.68,4.860648457229107
2024-01-07,Meta Ads,Video,EdTech,Germany,94440,2219,2.3496399830580263,1.93,4282.67,156,27.45301282051282,39424.24,9.205528326954912
2024-06-24,Meta Ads,Video,Healthcare,India,93003,1283,1.3795253916540327,1.76,2258.08,49,46.08326530612245,1614.11,0.714815241266917
2024-02-02,TikTok Ads,Video,E-commerce,USA,112294,9039,8.049406023474095,0.9900000000000001,8948.61,99,90.39,20435.34,2.2836328770613536
2024-05-22,Meta Ads,Display,SaaS,USA,165321,4447,2.689918401171055,1.5599999999999998,6937.32,301,23.047574750830563,23975.23,3.4559786776449695
2024-11-11,TikTok Ads,Video,Healthcare,USA,137895,5901,4.279342978353095,1.34,7907.34,379,20.863693931398416,86835.97,10.98169169404629
2024-02-27,TikTok Ads,Display,E-commerce,Germany,7978,557,6.981699674103785,0.61,339.77,34,9.993235294117646,6686.61,19.67981281455102
2024-02-08,TikTok Ads,Display,Fintech,Germany,113994,4320,3.7896731406916158,0.77,3326.4,142,23.425352112676055,25985.24,7.811820586820587
2024-02-16,Google Ads,Search,EdTech,UAE,90794,5638,6.209661431372117,3.1,17477.8,217,80.54285714285714,54642.18,3.1263763173854833
2024-12-20,Meta Ads,Display,Healthcare,Australia,118694,2338,1.9697710078015735,2.2600000000000002,5283.88,76,69.52473684210527,6774.6,1.282126013459806
2024-07-17,Google Ads,Shopping,Healthcare,UAE,99805,1936,1.9397825760232454,1.4000000000000001,2710.4,112,24.2,29346.97,10.827542060212515
2024-01-30,Google Ads,Search,Fintech,Canada,187156,3986,2.1297740922011585,2.39,9526.54,269,35.414646840148706,34393.23,3.6102540901523534
2024-08-04,TikTok Ads,Video,EdTech,UAE,120152,4613,3.839303548838138,0.97,4474.61,108,41.43157407407407,27205.77,6.0800315558227425
2024-12-16,Google Ads,Search,Fintech,UK,117458,6824,5.809736246147559,2.01,13716.24,251,54.64637450199203,12200.18,0.8894697088998151
2024-06-22,Meta Ads,Video,EdTech,Australia,35398,1044,2.9493191705746087,0.45,469.8,20,23.490000000000002,1596.24,3.3977011494252873
2024-03-30,TikTok Ads,Video,Healthcare,India,98386,7556,7.679954465066167,0.35,2644.6,385,6.869090909090909,43735.3,16.537586024351512
2024-08-06,Meta Ads,Video,E-commerce,Canada,70133,2293,3.2695022314744837,1.0399999999999998,2384.72,75,31.796266666666664,14249.95,5.975523331879635
2024-06-26,Google Ads,Video,SaaS,USA,30169,1523,5.048228313832079,1.44,2193.12,34,64.5035294117647,8282.71,3.776678886700226
2024-01-25,Google Ads,Search,EdTech,Germany,122959,3553,2.889581079872152,1.6700000000000002,5933.51,133,44.612857142857145,11079.66,1.86730282750008
2024-04-12,Meta Ads,Search,Healthcare,Australia,73083,3040,4.1596540919228815,0.6,1824.0,203,8.985221674876847,29701.35,16.283634868421053
2024-05-02,Meta Ads,Display,Fintech,India,113889,4623,4.059215551984828,1.19,5501.37,362,15.197154696132596,19216.96,3.4931226221832015
2024-06-23,Meta Ads,Search,Healthcare,Australia,57203,1029,1.798856703319756,0.87,895.23,11,81.38454545454546,1505.4,1.6815790355551088
2024-07-12,TikTok Ads,Display,SaaS,UAE,36562,1257,3.437995733274985,0.43,540.51,74,7.304189189189189,11838.52,21.902499491221256
2024-12-01,Google Ads,Search,EdTech,USA,177256,4059,2.2899083810985243,2.19,8889.21,138,64.4145652173913,32140.46,3.615671133880289
2024-02-23,TikTok Ads,Shopping,SaaS,India,179036,11046,6.169708885363837,0.87,9610.02,787,12.210952986022873,127296.84,13.246261714335661
2024-07-02,Google Ads,Display,EdTech,Germany,87481,4181,4.77932351024794,2.8800000000000003,12041.28,104,115.78153846153847,28643.42,2.3787687023306487
2024-06-22,TikTok Ads,Shopping,E-commerce,India,130645,8243,6.309464579585901,0.9500000000000001,7830.85,356,21.99676966292135,16420.6,2.096911574094766
2024-11-24,Google Ads,Search,SaaS,India,121089,3499,2.889610121480894,0.93,3254.07,185,17.589567567567567,28042.42,8.617644979978918
2024-05-07,Google Ads,Search,EdTech,Canada,15589,285,1.8282122009108985,1.18,336.3,10,33.63,1359.76,4.043294677371394
2024-08-11,TikTok Ads,Search,Fintech,Germany,101411,9370,9.2396288371084,0.8099999999999999,7589.7,523,14.511854684512429,26633.21,3.509125525383085
2024-03-25,Google Ads,Shopping,E-commerce,UK,142045,9161,6.449364637966841,2.39,21894.79,525,41.7043619047619,131680.16,6.014223475082428
2024-07-05,Meta Ads,Shopping,Healthcare,UK,42236,1013,2.3984278814281654,1.43,1448.59,29,49.95137931034483,4720.08,3.2583960955135685
2024-05-23,Meta Ads,Shopping,E-commerce,Canada,75628,794,1.049875707409954,0.5,397.0,49,8.10204081632653,3639.22,9.166801007556675
2024-12-08,TikTok Ads,Video,Fintech,Germany,116184,4089,3.5194174757281553,0.34,1390.26,263,5.28615969581749,54249.41,39.021053615870414
2024-10-19,Google Ads,Video,E-commerce,USA,121465,5575,4.5897995307290165,1.64,9143.0,273,33.49084249084249,28769.59,3.1466247402384337
2024-01-09,Google Ads,Video,Fintech,UK,108510,3721,3.429177034374712,1.41,5246.61,116,45.229396551724136,23480.01,4.47527260459611
2024-03-12,Meta Ads,Shopping,Healthcare,Canada,199650,4152,2.079639368895567,0.78,3238.56,165,19.627636363636363,10558.75,3.2603224890074602
2024-07-10,Google Ads,Shopping,SaaS,USA,73734,1990,2.6988906067757075,0.82,1631.8,143,11.411188811188811,16954.02,10.389765902684154
2024-03-10,Meta Ads,Shopping,E-commerce,Canada,149532,5069,3.389909852071797,2.39,12114.91,397,30.516146095717883,95392.09,7.873941283922043
2024-01-27,Google Ads,Search,Fintech,India,79432,4130,5.199415852553127,2.29,9457.7,311,30.410610932475887,59366.41,6.2770451589709975
2024-10-07,TikTok Ads,Display,Fintech,Canada,192583,11285,5.8598110944372035,1.63,18394.55,562,32.73051601423487,124224.31,6.753321500118242
2024-03-09,Meta Ads,Video,SaaS,Australia,79266,2425,3.0593192541568897,0.72,1746.0,104,16.78846153846154,20287.27,11.619284077892326
2024-02-25,Google Ads,Video,Fintech,Australia,33695,1277,3.789879804125241,2.8800000000000003,3677.76,89,41.323146067415735,25041.09,6.808788501696685
2024-03-19,TikTok Ads,Search,Fintech,India,92030,6267,6.809735955666631,0.5800000000000001,3634.86,136,26.726911764705882,11204.78,3.082589150613779
2024-11-02,Google Ads,Search,Healthcare,India,26259,669,2.547697932137553,1.41,943.29,22,42.87681818181818,2731.41,2.895620646884839
2024-04-15,Google Ads,Video,Fintech,UK,99447,5917,5.949902963387533,1.05,6212.85,195,31.860769230769233,28481.71,4.584322814811237
2024-11-17,Meta Ads,Shopping,Healthcare,UAE,170910,3315,1.9396173424609444,0.5,1657.5,167,9.925149700598803,41334.16,24.937653092006034
2024-03-04,Meta Ads,Video,Healthcare,USA,180259,2072,1.1494571699610006,1.3699999999999999,2838.64,136,20.87235294117647,10032.66,3.534319251472536
2024-02-23,Meta Ads,Video,Healthcare,UAE,146964,5246,3.5695816662584035,1.9900000000000002,10439.54,131,79.69114503816795,7261.59,0.6955852460932186
2024-09-10,Meta Ads,Display,EdTech,Germany,153057,2969,1.939800205152329,2.24,6650.56,148,44.936216216216216,28216.02,4.24265325025261
2024-12-08,Google Ads,Search,SaaS,UK,78635,2587,3.2898836396006867,2.35,6079.45,106,57.35330188679245,21303.72,3.504218309222052
2024-11-12,Meta Ads,Display,Healthcare,UAE,54031,2215,4.099498436082989,1.6600000000000001,3676.9,157,23.419745222929937,22778.62,6.195061056868557
2024-09-17,Google Ads,Video,SaaS,Germany,162743,8723,5.359984761249332,1.7699999999999998,15439.71,106,145.65764150943394,20056.78,1.2990386477466223
2024-08-04,Google Ads,Display,Healthcare,Canada,144494,8409,5.8196188077013575,3.04,25563.36,93,274.8748387096774,20233.22,0.791492980578453
2024-11-09,Google Ads,Search,Fintech,Australia,112549,6640,5.899652595758291,3.67,24368.8,374,65.1572192513369,21696.69,0.8903470831555103
2024-12-23,Google Ads,Search,E-commerce,USA,148994,7509,5.039800260413171,3.46,25981.14,588,44.18561224489796,82753.51,3.1851377576195654
2024-11-24,Google Ads,Display,Fintech,Canada,87373,3643,4.169480274226592,1.05,3825.15,289,13.235813148788928,35842.03,9.370097904657333
2024-04-01,TikTok Ads,Shopping,E-commerce,Australia,41200,1763,4.279126213592233,1.78,3138.14,101,31.07069306930693,27614.2,8.799543678739637
2024-12-23,Google Ads,Search,Fintech,India,51986,1996,3.8394952487208096,1.53,3053.88,82,37.242439024390244,20819.66,6.8174453482127655
2024-10-15,Meta Ads,Search,Fintech,Germany,190392,6016,3.159796630110509,2.29,13776.64,165,83.49478787878788,35908.75,2.6064954880144944
2024-12-06,TikTok Ads,Shopping,E-commerce,Germany,137817,8654,6.2793414455401,1.52,13154.08,392,33.556326530612246,54000.95,4.105262397674333
2024-01-20,TikTok Ads,Video,Fintech,USA,153145,7197,4.699467824610664,1.02,7340.94,89,82.48247191011235,6214.05,0.8464924110536254
2024-03-07,Google Ads,Shopping,E-commerce,USA,20718,426,2.0561830292499272,2.6500000000000004,1128.9,22,51.31363636363637,1505.14,1.333280184250155
2024-01-22,TikTok Ads,Shopping,Fintech,Germany,5059,415,8.20320221387626,0.73,302.95,4,75.7375,798.87,2.6369697969962043
2024-02-28,TikTok Ads,Search,SaaS,USA,96045,5820,6.059659534593159,0.31,1804.2,235,7.677446808510639,47063.54,26.0855448398182
2024-05-19,Google Ads,Display,E-commerce,UAE,12644,572,4.523884846567542,2.2199999999999998,1269.84,36,35.27333333333333,7362.94,5.798321048321048
2024-07-16,Google Ads,Video,EdTech,Canada,91901,3326,3.6191118703822593,2.58,8581.08,261,32.877701149425285,77117.41,8.986911903862918
2024-03-30,Google Ads,Search,Fintech,Canada,120431,6262,5.199657895392383,2.7700000000000005,17345.74,188,92.26457446808512,8830.89,0.5091100177911118
2024-01-23,Google Ads,Search,Fintech,Germany,7948,289,3.6361348766985406,2.0700000000000003,598.23,6,99.705,1368.08,2.286879628236631
2024-08-14,Meta Ads,Video,E-commerce,UAE,108924,2134,1.9591641878741142,0.41000000000000003,874.94,85,10.293411764705883,7418.36,8.478707111344777
2024-03-30,Google Ads,Search,SaaS,Germany,66402,2695,4.058612692388784,1.8599999999999999,5012.7,199,25.189447236180904,14266.46,2.8460629999800506
2024-08-29,Google Ads,Display,EdTech,Canada,96676,5326,5.509123257064835,1.67,8894.42,355,25.05470422535211,14113.5,1.5867813752892264
2024-04-10,Meta Ads,Search,Fintech,USA,10108,320,3.1658092599920855,0.51,163.2,8,20.4,624.2,3.8247549019607847
2024-03-30,Google Ads,Search,SaaS,UK,23936,1211,5.05932486631016,2.6999999999999997,3269.7,49,66.72857142857143,7236.18,2.213102119460501
2024-05-21,Meta Ads,Display,SaaS,India,157455,3810,2.419738973039916,1.24,4724.4,244,19.36229508196721,55928.06,11.838129709592753
2024-03-29,Google Ads,Shopping,Fintech,Australia,165805,9832,5.929857362564459,2.76,27136.32,509,53.313005893909626,143237.84,5.278454853126732
2024-10-27,Meta Ads,Search,Fintech,USA,69385,2650,3.819269294516106,1.7,4505.0,160,28.15625,32080.73,7.121138734739179
2024-04-27,TikTok Ads,Video,Healthcare,Australia,89944,2644,2.939606866494708,0.31,819.64,80,10.2455,12715.09,15.513017910302084
2024-04-03,Meta Ads,Search,SaaS,India,62603,1396,2.229925083462454,1.5,2094.0,17,123.17647058823529,2988.24,1.4270487106017191
2024-01-10,Meta Ads,Shopping,EdTech,USA,62284,1413,2.268640421295999,1.06,1497.78,88,17.020227272727272,10561.64,7.051529597137096
2024-11-09,Meta Ads,Video,EdTech,USA,172812,2972,1.7197879776867349,0.9900000000000001,2942.28,178,16.529662921348315,47180.83,16.035465693271885
2024-01-19,Google Ads,Search,Healthcare,UAE,82764,2276,2.7499879174520325,0.9099999999999999,2071.16,130,15.931999999999999,22792.2,11.004557832325847
2024-04-14,Meta Ads,Search,E-commerce,India,133260,2611,1.959327630196608,2.08,5430.88,108,50.28592592592593,16755.51,3.085229281442418
2024-07-08,Google Ads,Search,Fintech,Australia,188420,9364,4.969748434348795,2.65,24814.6,324,76.58827160493827,68719.44,2.769314838844874
2024-02-20,Google Ads,Shopping,Fintech,UK,89431,3300,3.689995639096063,1.47,4851.0,56,86.625,9891.88,2.0391424448567306
2024-01-04,Google Ads,Display,E-commerce,USA,52897,1883,3.559748189878443,2.77,5215.91,108,48.295462962962965,5473.28,1.0493432593737237
2024-06-09,Google Ads,Shopping,SaaS,UK,83334,3341,4.009167926656587,1.73,5779.93,256,22.5778515625,32514.9,5.625483353604628
2024-10-17,TikTok Ads,Shopping,SaaS,USA,180721,9379,5.189767652901434,1.3,12192.7,286,42.63181818181818,52558.42,4.310646534401732
2024-12-09,TikTok Ads,Display,Healthcare,Australia,195759,7262,3.7096634126655736,0.47,3413.14,75,45.50853333333333,16681.83,4.887531715663584
2024-07-10,Google Ads,Video,SaaS,USA,158514,4565,2.8798718094300817,2.14,9769.1,235,41.57063829787234,15388.32,1.5752034476052041
2024-05-17,Meta Ads,Video,SaaS,USA,82948,2347,2.8294835318512805,2.31,5421.57,65,83.40876923076922,10510.94,1.9387262361271738
2024-02-02,Google Ads,Video,SaaS,Canada,44420,1066,2.3998199009455203,3.6399999999999997,3880.24,44,88.18727272727273,2655.91,0.6844705482135126
2024-02-25,TikTok Ads,Search,Fintech,UAE,57006,2981,5.229274111497036,1.0999999999999999,3279.1,192,17.078645833333333,40566.37,12.371190265621665
2024-08-15,Meta Ads,Video,SaaS,USA,37588,1191,3.168564435458125,1.9600000000000002,2334.36,48,48.6325,13381.03,5.732204972669169
2024-02-02,TikTok Ads,Shopping,Healthcare,Australia,196605,14922,7.5898374914168,1.76,26262.72,757,34.6931571994716,181823.28,6.923246335490002
2024-04-01,Meta Ads,Video,Fintech,Germany,59376,564,0.9498787388843978,0.64,360.96,25,14.4384,4065.83,11.263935062056738
2024-05-21,Meta Ads,Video,E-commerce,India,15865,528,3.328080680743776,1.88,992.64,39,25.45230769230769,3165.22,3.188688749194068
2024-11-26,Google Ads,Video,EdTech,UAE,80511,3622,4.498764144030008,3.3200000000000003,12025.04,140,85.89314285714286,31780.44,2.6428552420615645
2024-06-26,Google Ads,Shopping,E-commerce,UK,143944,7873,5.469488134274441,2.11,16612.03,513,32.38212475633528,65899.82,3.966993799072119
2024-07-08,Meta Ads,Search,SaaS,UK,44612,811,1.8178965300815924,2.0,1622.0,23,70.52173913043478,1008.1,0.6215166461159063
2024-11-13,Google Ads,Display,E-commerce,Australia,17299,479,2.768946181860223,1.94,929.26,30,30.97533333333333,3163.73,3.404569227126961
2024-10-29,TikTok Ads,Shopping,Healthcare,UAE,71514,3354,4.689990771037839,1.3099999999999998,4393.74,165,26.62872727272727,17363.87,3.9519566474119996
2024-03-14,Google Ads,Video,E-commerce,India,37135,1006,2.7090346034738118,1.92,1931.52,62,31.153548387096773,17772.87,9.201494160039761
2024-11-23,Google Ads,Display,EdTech,UAE,80542,4236,5.259367783268357,2.15,9107.4,104,87.57115384615385,15932.35,1.7493851154006632
2024-04-03,Google Ads,Shopping,E-commerce,Australia,112992,2802,2.4798215802888697,3.0,8406.0,124,67.79032258064517,7395.68,0.8798096597668332
2024-06-09,Meta Ads,Search,SaaS,UK,119863,1114,0.9293943919307877,1.23,1370.22,75,18.2696,21180.36,15.457634540438761
2024-02-07,TikTok Ads,Search,Fintech,Germany,108806,5070,4.659669503520027,0.36,1825.2,279,6.541935483870968,26787.94,14.676714880561033
2024-11-30,TikTok Ads,Shopping,Healthcare,UK,7234,496,6.856510920652474,0.7100000000000001,352.16,10,35.216,399.8,1.1352794184461608
2024-05-03,Meta Ads,Shopping,Fintech,Australia,143541,1980,1.379396827387297,1.4100000000000001,2791.8,152,18.367105263157896,42063.3,15.066731141199226
2024-03-21,TikTok Ads,Video,EdTech,India,5497,231,4.202292159359651,1.38,318.78,18,17.709999999999997,4467.32,14.013802622498275
2024-03-03,Meta Ads,Display,EdTech,UK,160478,4413,2.7499096449357543,1.02,4501.26,82,54.893414634146346,13362.88,2.9686976535458958
2024-10-14,Google Ads,Video,E-commerce,UK,116011,2726,2.349777176302247,1.96,5342.96,127,42.07055118110236,4188.78,0.7839811639989818
2024-09-17,Meta Ads,Search,EdTech,Germany,166243,1895,1.139897619749403,0.92,1743.4,51,34.1843137254902,5887.21,3.376855569576689
2024-01-16,TikTok Ads,Video,E-commerce,Australia,62868,2715,4.318572246611948,1.6,4344.0,180,24.133333333333333,35590.01,8.192912062615102
2024-12-15,Google Ads,Video,EdTech,UAE,132953,8163,6.1397636758854635,2.7600000000000002,22529.88,130,173.30676923076925,16572.4,0.7355742684825662
2024-03-11,Meta Ads,Display,Healthcare,UAE,107326,2436,2.269720291448484,0.77,1875.72,84,22.330000000000002,5936.35,3.164838035527691
2024-03-28,TikTok Ads,Search,E-commerce,Australia,24854,1106,4.449987929508328,1.14,1260.84,38,33.18,8735.32,6.928174867548619
2024-04-05,Google Ads,Display,Healthcare,India,175949,7108,4.039806989525374,2.44,17343.52,75,231.24693333333335,22062.99,1.2721171942027916
2024-12-27,TikTok Ads,Shopping,EdTech,USA,131956,7772,5.889842068568311,0.29000000000000004,2253.88,211,10.681895734597157,23120.58,10.25812376878982
2024-11-11,Google Ads,Video,Healthcare,UAE,90096,4784,5.309891671106375,3.17,15165.28,310,48.92025806451613,81015.37,5.342161173417173
2024-02-13,Google Ads,Video,E-commerce,UK,48766,1731,3.54960423245704,1.04,1800.24,44,40.914545454545454,12477.84,6.9312091721103855
2024-04-24,Meta Ads,Display,Fintech,USA,68989,2952,4.278943019901724,1.79,5284.08,169,31.266745562130176,14776.11,2.79634486987328
2024-10-13,Google Ads,Search,E-commerce,India,197557,4326,2.1897477689983145,1.1800000000000002,5104.68,259,19.70918918918919,39016.05,7.643192129575214
2024-05-14,Google Ads,Video,E-commerce,Canada,96178,4328,4.499989602611824,3.36,14542.08,275,52.88029090909091,37193.1,2.5576189926062844
2024-09-10,TikTok Ads,Shopping,Healthcare,India,144940,5333,3.6794535669932382,1.3099999999999998,6986.23,148,47.204256756756756,32610.09,4.66776644914353
2024-04-12,TikTok Ads,Shopping,SaaS,UAE,152322,13678,8.979661506545344,0.41,5607.98,813,6.897884378843788,103237.84,18.40909561018406
2024-08-22,Google Ads,Display,EdTech,Australia,89124,2664,2.9890938467752792,1.24,3303.36,198,16.683636363636364,52262.98,15.821157851399787
2024-12-13,Google Ads,Video,Fintech,India,126404,2073,1.6399797474763458,0.92,1907.16,24,79.465,3807.61,1.9964816795654272
2024-11-20,Meta Ads,Search,Healthcare,Canada,84654,2937,3.469416684385853,1.84,5404.08,104,51.96230769230769,30747.28,5.689641900193927
2024-06-20,Meta Ads,Video,EdTech,Germany,95987,1919,1.999229062268849,1.71,3281.49,124,26.463629032258062,28533.79,8.695376185818029
2024-06-01,Google Ads,Shopping,SaaS,UAE,154088,9106,5.9096100929339075,3.2399999999999998,29503.44,294,100.35183673469388,42565.78,1.44273955850572
2024-02-29,TikTok Ads,Search,EdTech,Australia,71883,2077,2.889417525701487,1.71,3551.67,87,40.823793103448274,12811.32,3.607125662012518
2024-07-22,Meta Ads,Shopping,E-commerce,UAE,133716,1617,1.2092793682132281,0.85,1374.45,48,28.634375000000002,3570.09,2.597468078140347
2024-12-26,TikTok Ads,Display,Fintech,Germany,43319,2534,5.849627184376371,1.66,4206.44,111,37.89585585585585,10456.87,2.48591920959291
2024-09-03,Google Ads,Search,E-commerce,India,144911,7897,5.449551793859679,1.6300000000000001,12872.11,555,23.192990990990992,21004.5,1.6317837557323547
2024-10-22,Google Ads,Search,Fintech,UAE,180634,7821,4.329749659532536,2.21,17284.41,581,29.749414802065406,136556.31,7.90054795043626
2024-02-03,Meta Ads,Display,EdTech,Australia,76095,2031,2.6690321308890206,1.49,3026.19,135,22.416222222222224,33172.87,10.961925721782176
2024-07-11,TikTok Ads,Video,E-commerce,Germany,180128,10555,5.8597219754841,0.8400000000000001,8866.2,707,12.540594059405942,200566.9,22.62151767386253
2024-06-23,Meta Ads,Display,EdTech,Australia,169849,5927,3.4895701476016936,0.9400000000000001,5571.38,437,12.749153318077804,105321.92,18.904099163941428
2024-03-01,Meta Ads,Video,Fintech,Australia,122974,2939,2.3899360840502872,1.8499999999999999,5437.15,91,59.748901098901094,26004.98,4.782832917980928
2024-08-02,Google Ads,Search,E-commerce,USA,28553,850,2.97692011347319,2.06,1751.0,51,34.333333333333336,13010.72,7.430451170759565
2024-01-29,Meta Ads,Display,EdTech,UK,77447,906,1.169832272392733,1.1500000000000001,1041.9,29,35.92758620689656,8284.13,7.9509837796333604
